index	neme	eletkora	gyermeke	isk	anyagi	p_elmeny_percent	testi_fi	alt_lelki	alt_eg_all	fizero	arcocska	aggodalo	ideges	feszult	nyugtala	diener1	diener2	diener3	diener4	diener5	diener6	diener7	diener8	jollet	savor	a_vhat	onreg	rezil	m_flow	g_jerz	g_jpszi	g_jszoc	g_jspir	g_jerzpsz	g_jspszoc	pik_mm	pik_av	pik_onr	pik_rez	p_poz_erz	p_elmely	p_poz_kapc	p_ert_cel	p_telj	p_boldog	p_egeszs	p_neg_erz	p_magany	perma
3	no	32	1	foiskola	3	90	5	5	5	5	1	1	1	1	1	7	6	6	6	6	6	7	6	6	6	5.4	3.6667	6	6	4.6	4	4	4.25	4.3	4.125	4	3.75	3	3	26	23	21	27	25	9	26	4	7	186
4	no	43	0	foiskola	3	50	4	4	4	4	3	4	4	4	4	6	6	6	5	6	5	5	5	5	5	4.2	3.3333	3.6667	4.6667	4.4	4.75	4	4	4.575	4	2.8333	2.5	3	2.6667	25	23	25	24	23	9	19	17	1	170
8	no	48	0	kozepiskola	3	80	6	3	6	6	3	4	4	4	4	6	6	5	6	6	6	6	6	4.6667	4.6667	5.4	2.3333	3.6667	3.6667	4	3.75	2.75	3.25	3.875	3	3.1667	2.75	2.3333	2	23	18	13	19	20	6	29	25	9	134
25	no	42	2	egyetem	3	20	4	4	4	4	3	5	5	5	3	5	4	5	5	6	5	5	5	3.6667	5	5.4	2.6667	2.6667	4.3333	3.4	4	3.25	4.25	3.7	3.75	2.5	3.75	1.6667	2.6667	15	16	16	27	24	7	27	21	0	151
28	no	35	0	foiskola	2	40	3	3	3	3	3	2	2	2	3	4	5	4	5	5	5	5	5	4.3333	4	4	4.3333	4	3.6667	4	3.5	4.25	3.25	3.75	3.75	3.1667	3	3.6667	3.3333	22	19	24	19	21	7	16	11	4	153
30	no	53	2	kozepiskola	2	70	5	4	5	5	1	4	1	2	1	6	6	6	7	7	6	7	7	5	6	5.8	6	5.3333	5.3333	4.6	4.75	4.75	5.5	4.675	5.125	4	4	4	3.6667	23	26	29	18	23	8	26	3	5	185
41	ferfi	47	4	kozepiskola	2	80	4	5	4	4	1	1	1	2	1	4	5	6	6	6	6	7	3	4.6667	5.6667	4.4	1.3333	4	4.3333	2.6	2.5	4.25	3.25	2.55	3.75	2.6667	2.5	1.6667	3.3333	23	18	19	25	28	5	23	13	8	160
54	no	32	2	foiskola	4	90	4	4	NA	4	1	2	2	2	1	5	5	6	6	5	6	6	5	5	5	3.8	2.6667	3.6667	5	4	3.25	3.25	3.5	3.625	3.375	2.6667	2	2.6667	3.3333	24	25	24	25	22	8	24	8	0	184
57	no	59	2	foiskola	3	50	5	3	5	5	4	4	4	4	4	4	4	6	6	6	6	6	6	3.3333	5.3333	4.4	5.3333	1.6667	5.3333	3.4	4.25	2	2.25	3.825	2.125	2.5	2.5	4	4	21	24	19	18	24	5	27	8	0	170
60	no	45	2	kozepiskola	3	50	5	4	5	6	3	4	4	4	4	6	6	6	7	7	7	7	7	4.3333	2	5.2	5.6667	5	5	6	4	6	6	5	6	3.3333	4	4	3	26	27	22	19	19	6	24	16	10	157
62	no	57	3	kozepiskola	3	80	4	4	4	4	1	1	1	1	1	6	6	6	5	5	6	5	6	5	4.6667	4	3.3333	3.6667	4.3333	5.2	5	4	3.5	5.1	3.75	2.8333	3.25	3	3.6667	27	27	29	27	24	10	25	4	0	205
65	ferfi	48	1	kozepiskola	3	80	5	5	4	5	2	1	1	1	2	6	5	6	5	7	6	6	5	5	1.6667	6	3.6667	5	5.6667	4.6	5.75	3	2.25	5.175	2.625	3.6667	4	3	3	27	27	23	30	30	9	27	9	0	204
67	no	58	2	foiskola	3	60	4	4	4	4	3	5	4	4	4	6	6	6	5	6	6	5	6	4.3333	4.6667	4.6	4	3.3333	4.6667	3.6	4.25	4.5	4.75	3.925	4.625	3.1667	3	3.3333	2.6667	19	21	20	22	23	7	19	16	4	151
70	no	36	3	egyetem	4	30	3	4	2	4	3	5	5	6	2	7	6	6	7	5	7	5	5	4.6667	5.3333	5.6	4	2.6667	5	4.2	5	4.75	4.5	4.6	4.625	3	3.5	3	3.3333	21	26	25	28	25	8	15	11	4	173
76	no	45	1	foiskola	4	20	3	3	3	3	5	5	5	5	5	2	4	3	2	2	2	2	3	2	2	2.2	1	2.3333	3	2	2	2.5	2	2	2.25	2	2.25	1	1.3333	7	18	17	14	12	4	10	22	3	97
80	no	55	2	kozepiskola	3	50	NA	4	4	4	2	3	2	2	2	6	6	6	6	6	6	6	6	5	6	5.4	5.3333	5.3333	6	4.8	5	2.5	3	4.9	2.75	3.6667	4	4	4	26	18	25	27	29	9	27	4	1	196
92	ferfi	65	0	foiskola	3	50	4	4	4	4	4	4	4	4	4	6	6	6	6	6	6	6	6	3.3333	3.3333	3.2	5.3333	3.6667	4	4	4	4	4	4	4	2.3333	2	3.6667	3	21	14	21	21	19	8	22	10	6	150
95	no	61	0	kozepiskola	3	90	4	4	4	4	1	1	1	1	1	5	5	5	5	5	5	5	5	5	4.3333	4.4	3.6667	4	4.3333	4	4	4	4	4	4	3.1667	3.25	4	3.3333	23	22	27	24	24	8	25	5	1	187
103	no	47	3	foiskola	4	40	4	3	4	4	3	4	4	4	4	6	4	4	5	6	6	5	6	3	2.3333	4.4	3.3333	3	5.3333	2.8	3.5	2.5	3.75	3.15	3.125	3	3.75	2.3333	3	19	23	15	21	24	6	21	18	9	142
105	no	40	2	foiskola	3	70	4	5	4	3	1	1	1	1	1	7	7	7	7	7	7	7	7	6	6	6	5.6667	5.6667	6	5	5.25	5.75	6	5.125	5.875	3.8333	4	3.3333	4	24	25	30	29	27	8	20	11	0	192
113	no	72	0	egyetem	3	60	4	NA	5	4	3	4	1	1	1	6	6	5	6	6	7	7	7	5	4.6667	5.6	5	5	5.6667	4	4	5	5.25	4	5.125	3.5	3.5	3.3333	4	23	27	25	25	21	8	25	3	3	188
119	no	64	0	foiskola	3	80	3	5	3	3	2	3	3	3	1	5	4	5	4	5	6	6	6	5	3.3333	5.8	3.3333	5	4.3333	5	4.25	4	4.25	4.625	4.125	3.3333	3.5	2.3333	2	26	17	11	25	26	8	17	5	10	155
123	no	42	2	foiskola	4	10	4	4	4	3	5	6	6	6	6	5	6	5	7	6	6	6	6	4.3333	6	5.2	5.6667	4	2.6667	3.2	3.5	2.75	5.5	3.35	4.125	2.6667	3.5	3.3333	4	24	23	25	25	24	8	24	9	1	183
129	no	42	1	egyetem	3	70	4	4	4	5	2	3	3	4	3	7	4	6	6	5	6	5	5	4.3333	4.3333	5.8	3.6667	3.3333	5.3333	3.8	4.25	3.25	3.75	4.025	3.5	2.8333	3.75	3	4	24	22	20	29	27	9	23	15	9	170
131	no	53	1	egyetem	4	60	4	3	4	4	3	3	3	3	3	4	4	4	5	4	4	4	4	3	3.6667	3	3.6667	3	4	2.8	2.5	3	3.5	2.65	3.25	2.1667	2	3	3	17	12	17	18	20	5	24	16	5	132
134	no	53	4	kozepiskola	3	60	4	4	NA	3	4	2	2	2	3	4	5	6	4	5	5	5	4	4.3333	4.3333	4.2	3.6667	4	4.6667	4.2	3.75	3.75	3.75	3.975	3.75	3	3.5	2.3333	2.3333	24	28	27	23	23	8	22	5	1	189
141	no	44	2	egyetem	3	70	4	3	2	3	3	6	4	5	3	3	4	4	4	5	6	2	4	3.6667	4	3.2	3	1.3333	4.6667	2.6	2.75	3.5	2.75	2.675	3.125	2.1667	2.25	2.3333	1.6667	16	21	22	19	17	6	21	18	9	135
143	no	73	2	egyetem	3	70	4	5	5	5	2	2	2	2	2	6	7	7	7	6	6	6	6	5.3333	5	4.2	5	5	5.3333	4.6	4.25	5.75	6	4.425	5.875	2.8333	3	3.6667	3.3333	28	28	28	30	26	10	29	4	0	215
146	no	75	2	kozepiskola	3	50	4	5	5	5	2	5	1	5	1	5	2	5	2	5	5	5	5	5.3333	5	5	2	4	5.3333	4	4	1	1	4	1	4	4	2.3333	4	27	30	30	27	18	9	24	5	1	199
147	no	44	2	kozepiskola	3	20	4	4	4	4	6	6	6	6	6	6	6	7	6	6	6	5	6	4.6667	5	5	3.3333	3.6667	5.3333	4.8	4.75	4.75	5.25	4.775	5	3	3.25	2	3.3333	24	24	25	28	27	7	27	6	6	190
152	no	49	1	kozepiskola	3	90	5	6	6	6	4	2	1	1	1	6	7	6	7	7	7	7	7	4.6667	3	5.8	6	4.6667	6	4.4	5.25	6	6	4.825	6	3.8333	4	4	4	23	27	28	26	19	8	30	9	0	192
162	no	54	1	kozepiskola	3	40	2	2	3	2	2	2	2	1	2	5	5	5	5	5	5	5	5	6	4	5	2	3.3333	6	3.4	3.25	2.25	3	3.325	2.625	2.3333	2.5	3.6667	3.3333	19	22	13	16	17	7	13	13	1	133
167	ferfi	60	2	egyetem	4	80	4	3	4	5	2	3	3	3	2	6	6	6	5	6	6	6	5	4.6667	5	3.8	4.6667	4.6667	4.6667	4.2	4.5	4.75	4.75	4.35	4.75	3.3333	3	3	3.6667	25	25	29	26	25	9	25	9	1	194
169	no	55	2	foiskola	3	90	4	5	4	5	3	2	1	1	1	7	7	7	7	7	7	7	7	6	5.6667	6	5.3333	4.3333	5.6667	5.8	5.75	5.5	6	5.775	5.75	3.8333	4	3.6667	3	25	23	28	30	25	9	24	9	1	194
171	no	45	1	foiskola	3	40	4	3	4	3	3	6	6	6	5	5	5	6	5	6	5	3	4	4.3333	4	3.4	4.3333	2.6667	5.3333	3.4	4.25	3.75	4.25	3.825	4	2.1667	1.75	3.3333	3	19	25	24	24	22	8	24	15	3	168
174	no	52	4	egyetem	3	50	5	4	5	5	1	2	1	2	3	6	5	6	6	7	6	6	6	5.3333	5.3333	5.8	4.3333	5.3333	5.6667	5	4.5	5	5.25	4.75	5.125	3	3.75	3	4	23	26	26	28	27	8	28	5	1	200
176	no	38	2	foiskola	3	50	4	3	4	3	4	4	4	4	3	6	6	6	7	6	6	5	5	3.3333	4.3333	4	3.3333	2.6667	4.6667	3.4	3.5	3.25	3.75	3.45	3.5	2.3333	2	2	3.3333	23	15	25	25	24	6	25	11	2	170
179	no	50	3	kozepiskola	3	50	NA	4	4	4	3	4	4	4	3	5	4	5	6	5	5	5	5	4.3333	4.6667	4.8	4	4	4	3.8	3.5	3.25	3	3.65	3.125	3	3.5	2.3333	2.3333	21	18	17	19	20	6	19	12	5	143
182	no	59	2	foiskola	4	80	4	5	5	3	2	2	1	1	1	6	5	7	7	6	6	7	6	4.3333	6	5.4	6	3.3333	4.3333	4.6	5.25	4.75	5.5	4.925	5.125	3.5	3.5	4	4	27	26	26	27	28	9	27	3	0	207
184	no	38	0	egyetem	3	40	3	4	4	NA	4	6	6	5	6	7	6	7	6	6	6	7	5	5.3333	5	5.8	5.3333	4	6	4.8	5	4.75	5.75	4.9	5.25	3.5	4	3	4	20	30	26	28	24	8	25	10	0	191
189	ferfi	49	2	egyetem	3	10	3	3	5	5	3	4	3	3	2	4	3	4	5	5	6	6	6	2.6667	4.3333	5	4.3333	3.3333	4	3.4	4	3.25	4	3.7	3.625	3.3333	3.5	3.6667	3.3333	18	22	15	23	22	6	26	15	4	153
191	no	45	0	kozepiskola	3	40	4	3	4	4	4	5	6	6	6	4	4	3	4	3	3	4	4	2.3333	3.3333	3.2	4.6667	4.6667	4.3333	1.8	3	2	3	2.4	2.5	2.6667	2.75	2.3333	1.6667	19	21	15	17	17	5	24	16	8	134
192	no	48	0	kozepiskola	3	40	3	4	3	2	2	1	2	4	1	4	4	5	6	5	5	5	5	4	4.6667	3.6	5.3333	4	4.3333	3.2	2.75	3	3.75	2.975	3.375	2.6667	2.75	2.6667	3	20	19	22	17	17	7	14	10	0	146
199	no	39	2	kozepiskola	4	60	4	4	4	4	4	5	5	5	5	6	7	6	6	6	6	6	6	4.3333	4.3333	4.8	3.6667	5	5.3333	4	4.25	5	5.25	4.125	5.125	2.6667	3.5	3	3.6667	21	21	25	24	23	7	23	9	0	175
201	no	60	2	foiskola	4	70	6	4	5	4	2	4	2	2	1	6	6	6	6	6	6	6	6	4.6667	4.6667	4.4	4.3333	4	5.3333	4.8	4.75	5	5.25	4.775	5.125	3.1667	3	3	2.6667	26	26	27	26	26	9	29	5	3	201
211	no	43	2	kozepiskola	3	70	4	4	4	NA	2	1	1	2	2	5	5	5	6	5	5	5	5	3	4.6667	4	3.6667	3.6667	3.6667	4.4	4.75	3.5	4	4.575	3.75	3.3333	3	2	2	26	23	26	25	25	9	26	6	7	187
216	ferfi	44	2	foiskola	3	50	5	4	NA	5	4	2	2	2	1	5	4	5	4	5	5	5	4	4.6667	5	5.2	5.3333	3	5	4.2	4.5	3.5	4.75	4.35	4.125	3.3333	3.25	4	3.6667	22	23	14	23	22	7	24	7	6	162
220	no	58	3	egyetem	3	60	5	5	5	5	2	2	2	2	2	6	6	6	6	6	6	6	5	5	5	4.8	4.6667	4	4	4.8	4	3.5	3.25	4.4	3.375	3.3333	3.75	3.6667	2.3333	24	17	29	20	16	9	27	11	0	171
222	no	56	3	egyetem	4	30	5	5	5	6	2	1	1	2	1	7	7	7	7	7	7	7	7	6	6	6	5.3333	5.6667	5.6667	6	5.75	5.5	5	5.875	5.25	4	4	4	3.6667	26	27	29	27	28	9	26	3	0	209
223	no	61	2	foiskola	3	80	4	4	4	4	2	2	2	2	2	6	6	6	6	6	6	6	6	5	5	4.4	4.3333	4	5	4	4	4	4	4	4	3.5	3.25	3.6667	3.3333	24	25	24	24	25	8	26	6	2	188
230	no	62	4	foiskola	3	90	5	6	6	6	1	1	1	1	1	7	7	7	6	7	6	7	6	6	5.3333	5.2	6	6	6	5.8	5.75	5.25	6	5.775	5.625	3.6667	3.5	4	4	30	26	30	30	26	10	27	2	0	217
235	no	59	2	foiskola	3	80	4	5	4	4	1	2	2	2	2	6	6	6	6	6	7	7	6	5	5	5.2	5.6667	5	5.3333	5	4.75	4.75	5	4.875	4.875	3.6667	3.75	4	4	26	26	27	25	25	9	24	6	1	195
238	no	45	2	egyetem	4	30	4	3	4	2	3	3	3	3	4	4	2	7	4	4	4	2	6	2.3333	2.6667	2.6	4.6667	2.6667	5	3.4	2.75	2.25	3	3.075	2.625	2.5	2	2.3333	2.3333	20	23	25	20	15	8	20	11	7	153
241	no	58	3	foiskola	2	60	3	3	2	3	5	4	5	5	6	3	3	3	6	7	6	6	7	1.3333	1	3.2	5.6667	2	3.3333	2.4	3	3.5	2	2.7	2.75	2.1667	3.5	4	2	13	18	16	9	16	2	10	17	8	99
250	ferfi	72	1	egyetem	1	10	1	4	1	1	4	4	4	4	4	7	1	7	7	7	4	4	1	3.3333	5.3333	5.6	3.3333	4.6667	6	3.2	4.5	3	3.75	3.85	3.375	2.1667	3.75	2.6667	2.3333	18	19	0	25	13	8	0	19	10	94
257	no	66	2	foiskola	3	40	4	5	4	3	2	2	1	1	1	5	4	6	6	6	6	6	6	5	5	5.4	5	4.3333	6	4.6	5	3.5	4.75	4.8	4.125	3	3.5	4	4	25	27	19	23	22	8	22	5	0	181
258	no	66	2	kozepiskola	3	30	3	4	3	2	4	2	2	2	2	5	5	5	3	4	5	5	5	4.6667	4.3333	4.4	4.6667	4.3333	4.3333	4.2	3.5	3.25	3.75	3.85	3.5	3	3	3.3333	2.6667	23	24	24	23	24	8	21	14	3	170
268	no	45	0	egyetem	3	30	4	4	4	4	4	4	3	3	3	6	6	6	5	6	6	5	6	4	4.6667	4.2	5.3333	4	4.6667	3.6	3.75	4	4.25	3.675	4.125	3	3	3.3333	3.3333	19	23	25	23	22	8	21	7	1	173
271	no	64	3	kozepiskola	3	20	3	4	4	4	2	3	3	3	4	6	6	6	5	5	5	5	4	5	2.3333	4.4	2	2	5	4.8	4.25	3.5	4.25	4.525	3.875	2.5	3.5	2.3333	2.3333	26	23	23	26	24	9	24	9	9	177
272	no	80	1	foiskola	3	80	4	5	4	4	1	2	1	1	2	7	6	7	5	7	6	6	6	5	5.3333	4.6	4.6667	4.3333	5.6667	4.2	4	3.5	4.25	4.1	3.875	3.6667	3.25	3.6667	3.6667	24	26	24	28	23	8	20	7	1	185
278	no	64	1	foiskola	3	80	4	4	4	4	2	3	4	4	3	7	7	7	6	7	7	7	7	5.6667	5.6667	5.6	5	5	5.3333	4.6	4.75	5	5	4.675	5	3.3333	3.75	3.3333	4	22	24	23	22	24	8	23	13	6	167
279	no	57	1	egyetem	3	80	4	5	3	4	2	2	2	2	2	7	7	7	7	7	7	7	7	5.3333	6	6	5.6667	4.3333	6	5	5.25	5.25	5.5	5.125	5.375	3.6667	3	3.3333	4	28	26	24	29	27	9	17	5	1	194
285	ferfi	54	1	egyetem	3	30	4	4	4	4	5	4	4	4	5	5	4	4	5	5	5	5	4	5	4.3333	4	4.6667	3.6667	4.6667	4	3.75	2.75	3.25	3.875	3	3	3.25	3.3333	4	24	18	19	23	23	8	22	7	5	165
291	no	57	1	kozepiskola	3	80	5	5	5	5	1	2	2	2	1	6	6	7	6	6	6	6	6	5.3333	5	4	4.6667	5	5.3333	5.6	5	4.75	4.75	5.3	4.75	3.3333	2.5	3.6667	3.6667	27	26	27	27	26	9	29	3	1	207
292	ferfi	36	0	kozepiskola	2	20	4	4	4	2	5	2	2	2	2	4	4	4	4	4	4	4	3	3	3	3	4	3.3333	3.3333	3	3	3	3	3	3	2	2	2.3333	3	14	14	9	15	14	2	17	24	8	93
299	no	66	2	foiskola	3	10	6	5	6	6	3	5	4	2	2	4	4	6	5	5	5	4	5	3.3333	3	3.8	5.3333	3	4.3333	2.4	3.25	2	2.5	2.825	2.25	2	2.75	4	3	16	15	18	24	16	5	27	10	2	149
305	no	53	1	kozepiskola	3	60	4	3	4	4	3	3	1	3	5	1	3	1	3	5	3	2	3	3.3333	4.6667	3.2	3.6667	5.3333	3.3333	2.8	3	1.25	3	2.9	2.125	2.1667	2.75	2.3333	3	20	21	26	19	23	5	25	22	8	149
307	no	62	3	kozepiskola	3	80	6	6	6	5	2	1	1	1	1	7	7	7	7	7	7	7	7	5.6667	5	5.2	3	4	5.6667	5.2	5.75	5.75	4.25	5.475	5	2.1667	2	4	4	29	30	30	30	29	9	29	2	0	224
311	ferfi	51	3	foiskola	3	70	6	5	6	6	1	1	1	1	1	6	4	5	4	5	5	6	5	5	4.3333	4.8	5	5	5.3333	5.2	5	3.75	5.25	5.1	4.5	3.1667	2.75	3.3333	3.3333	23	20	24	25	24	8	30	6	7	181
318	ferfi	42	1	kozepiskola	3	50	5	6	6	6	3	4	2	4	2	7	7	7	7	5	7	5	5	5	6	5.2	3	4.6667	4.3333	4.4	6	4.5	4.5	5.2	4.5	3	3.75	3	3.3333	24	20	28	30	24	9	28	10	2	191
321	no	43	2	kozepiskola	3	70	4	4	4	3	2	4	2	4	2	7	6	7	6	7	7	7	6	5.3333	5.3333	4.8	5.3333	3.6667	5.6667	4.4	4.75	4.25	5	4.575	4.625	3.1667	3	3.6667	3.6667	25	23	26	24	22	9	16	10	0	175
322	no	37	0	egyetem	4	60	5	5	5	5	2	4	4	4	3	5	6	5	5	6	5	5	5	5	5.3333	5.4	2.3333	4.3333	4.6667	4	4	4.25	5	4	4.625	3.5	3.75	2	3.3333	25	23	27	25	26	8	28	16	4	182
324	no	45	1	foiskola	3	40	4	3	3	3	2	2	2	2	2	6	5	5	6	5	6	5	5	4.6667	5.3333	5.4	3.6667	3.6667	4.6667	4.4	5	4	4	4.7	4	3.6667	4	3	3.3333	25	25	24	23	24	8	26	11	3	181
326	no	68	2	kozepiskola	3	40	5	5	5	5	2	1	1	2	1	7	7	7	7	7	7	7	7	6	6	5.8	6	5.3333	6	5.2	5.25	5.75	6	5.225	5.875	3.8333	3.75	2.6667	4	28	30	29	29	26	10	29	3	0	218
327	no	56	3	kozepiskola	3	20	5	2	5	5	3	6	3	5	5	4	5	5	6	7	7	4	6	3.3333	4.6667	3.6	4.3333	3	4	3.4	3.75	3.25	4.75	3.575	4	2.5	3.25	3.3333	2	15	25	20	19	22	5	25	17	9	145
332	no	40	1	kozepiskola	3	60	3	3	3	2	3	2	2	3	4	5	4	5	5	7	5	5	4	4	3.6667	3.8	1.3333	4	5.3333	3.2	3.75	2.75	3.5	3.475	3.125	2.3333	2.75	1	2	15	17	11	19	20	5	14	19	8	114
341	no	49	3	kozepiskola	3	80	5	5	5	5	2	2	2	2	1	6	7	6	7	7	7	7	7	5.6667	4.6667	5.8	5	5	5.3333	5.4	5.75	5.75	6	5.575	5.875	4	4	3.6667	4	25	25	26	27	24	9	29	3	1	201
344	no	53	3	foiskola	3	60	6	5	6	6	2	3	2	2	1	6	6	6	6	6	6	6	6	5.3333	2.6667	5.2	4.3333	4.3333	4.6667	5.2	5	4	3	5.1	3.5	2.8333	4	3.3333	3.3333	23	26	27	25	26	9	30	10	1	195
345	no	56	1	foiskola	3	70	4	4	3	4	3	3	2	2	2	6	6	6	6	6	6	6	6	4	4	4.8	3.3333	3.3333	4	4.2	4.75	5	5	4.475	5	3.1667	3.5	2.6667	3.6667	21	21	23	26	28	8	20	13	5	169
349	no	51	1	kozepiskola	3	80	5	5	5	5	1	3	2	2	2	7	6	6	6	6	6	7	6	4	5	5	4.6667	4	5	4.8	5.25	4.5	5.75	5.025	5.125	3.1667	3.5	3.3333	3.6667	25	26	24	26	24	9	29	6	4	193
351	no	61	2	foiskola	3	50	4	4	4	4	3	3	2	2	1	6	6	6	6	6	6	6	6	4	5	5.8	5	5	4	4.2	4.25	4.5	4.75	4.225	4.625	3.5	4	3.3333	4	24	26	27	27	26	9	24	8	9	186
356	no	55	2	kozepiskola	3	90	5	4	5	4	1	1	1	1	3	4	4	6	3	6	6	7	7	5	5	4.8	3.6667	4.6667	4.6667	4	3.75	3	3	3.875	3	3.1667	3.5	3	2.6667	21	26	15	21	25	8	28	3	0	181
361	no	56	2	foiskola	3	50	5	4	4	4	2	2	2	2	1	6	6	6	6	6	6	7	6	4.6667	4.6667	5.4	6	4.6667	5.3333	4.4	4.75	5	5	4.575	5	3.8333	4	4	3.3333	25	25	24	26	26	8	27	6	0	195
363	no	48	0	foiskola	3	50	6	4	5	6	1	3	2	3	3	7	6	6	5	7	6	6	5	5	4.6667	5.6	6	3.6667	5.6667	3.8	4.75	4.5	5.75	4.275	5.125	3.6667	3.5	4	4	23	25	19	27	24	7	28	9	1	183
369	no	41	1	kozepiskola	3	60	4	4	2	4	2	1	2	1	1	6	6	6	7	7	6	6	5	4.6667	4	4.2	2	4.6667	5.3333	4.2	4.25	4	4.25	4.225	4.125	2	2	3.3333	2	23	27	25	27	25	8	23	3	0	195
370	no	52	1	foiskola	3	60	3	3	2	2	3	4	3	3	3	5	5	4	5	5	4	4	5	4	5	3.4	4	3.3333	4.3333	3.6	3.75	3.5	4.5	3.675	4	2.3333	2	2.3333	2.6667	20	20	26	24	20	7	16	14	5	154
380	ferfi	51	2	foiskola	3	50	4	4	4	4	2	2	2	2	2	6	6	6	5	6	6	6	5	5	4.3333	4.6	5.3333	4	5	4.2	4.25	3.75	4	4.225	3.875	3	3.5	3.6667	3.6667	23	26	26	24	25	8	25	9	2	186
396	no	63	3	kozepiskola	2	80	5	5	4	4	2	3	2	1	2	6	5	5	5	6	6	6	6	4.6667	4	4.4	4.3333	4	4.6667	4	4	3	3.25	4	3.125	2.6667	3.5	4	4	24	15	23	22	24	10	26	11	1	172
397	no	39	1	foiskola	3	50	4	2	2	1	5	5	4	4	4	2	2	1	2	2	2	1	1	2	3.6667	2	2	1	2.6667	1.2	1	1.5	1	1.1	1.25	1.6667	2	2	2	8	9	12	7	9	2	12	17	2	80
401	no	52	1	foiskola	3	60	5	4	5	4	3	4	2	4	3	6	6	6	6	7	6	5	7	5	4.3333	5.2	3.6667	1.6667	4	4	3.5	3.75	4	3.75	3.875	3.1667	3.5	2.3333	3	20	16	19	20	24	7	25	11	5	155
402	no	36	0	kozepiskola	3	30	4	4	4	4	3	5	5	5	5	6	6	6	6	7	7	7	6	5.3333	6	6	2.6667	5	5.3333	4.6	4.5	5	5.75	4.55	5.375	3.1667	4	2.6667	3	23	22	29	27	25	9	23	11	7	180
417	no	38	1	kozepiskola	3	50	4	4	3	4	1	4	4	4	3	4	3	3	3	4	4	4	4	3.6667	5	4.2	3.6667	4	3.6667	5	4.5	3.25	4	4.75	3.625	2.8333	3	3	2.3333	19	24	15	17	20	7	15	10	3	144
421	no	43	4	foiskola	3	70	4	5	5	5	2	2	2	2	2	6	7	7	7	7	6	7	6	5.6667	4.6667	5.4	5.3333	6	6	5.2	4.5	5.25	5.25	4.85	5.25	3.8333	3.5	3.6667	3.6667	27	23	27	23	25	9	19	6	7	180
426	no	53	3	egyetem	3	90	4	5	4	4	3	2	1	1	2	6	6	6	6	6	6	6	6	5	4	4.6	6	3.6667	5.3333	4.2	4.25	3.75	4.25	4.225	4	3.1667	3	4	4	26	26	27	27	26	8	24	7	1	196
441	no	63	2	foiskola	3	50	5	5	5	5	2	6	4	5	5	7	6	7	7	7	7	6	6	5	5	4.8	3.3333	4.6667	5.3333	5	4.75	4	4.25	4.875	4.125	3.3333	3	2.6667	3.6667	26	25	28	28	27	9	25	7	9	192
443	no	46	2	kozepiskola	4	90	5	5	5	5	2	1	1	1	1	6	5	5	4	6	6	6	6	5	5	4	5	3.6667	5.3333	4.8	5	4.75	4.75	4.9	4.75	3.5	2.5	3.3333	3.6667	27	26	26	29	28	9	28	4	0	209
449	no	57	2	foiskola	3	50	3	5	3	4	3	2	2	1	2	7	6	7	6	7	6	7	6	4	5.6667	5.4	5.6667	5.3333	5.6667	4.6	4.5	4	4.5	4.55	4.25	3.8333	3.25	3.6667	3.3333	26	26	24	26	26	9	21	12	2	184
453	no	50	1	kozepiskola	3	50	3	4	4	4	1	2	1	1	2	6	5	5	4	4	5	6	6	5	5.3333	4.8	5	4.3333	4	4.2	4.5	3.5	4.5	4.35	4	3.1667	3	3.3333	3.3333	26	21	26	24	22	9	16	4	0	180
457	no	47	0	kozepiskola	3	40	4	4	4	4	3	3	2	2	3	4	4	4	4	4	4	4	4	3.6667	4.6667	3.8	3.3333	4	3.6667	2.8	3.5	2.75	3.25	3.15	3	2	2.75	3	4	15	17	17	17	17	5	17	11	3	131
466	no	48	1	foiskola	4	90	4	4	4	4	3	1	1	1	1	6	7	7	7	7	7	6	6	5.3333	5.6667	5.4	5.3333	4.6667	5.3333	3.4	2.5	3	2.25	2.95	2.625	3.5	3.5	4	3.6667	24	25	25	27	22	7	20	7	3	180
485	no	53	2	egyetem	3	60	4	4	4	5	3	4	2	3	5	6	6	7	6	6	6	6	6	4.6667	4.3333	5.2	4.3333	3.6667	5	4	5	4.75	4	4.5	4.375	3.1667	3.75	2.6667	3.3333	24	20	25	21	22	6	22	7	1	172
491	no	61	2	egyetem	4	80	5	5	5	5	1	1	1	1	1	7	6	6	2	6	6	6	6	6	4.6667	6	6	6	5.6667	5.8	4.75	3.5	2	5.275	2.75	3.8333	4	4	3.6667	26	26	25	26	26	9	28	3	1	202
492	ferfi	69	0	kozepiskola	1	50	1	2	2	2	4	2	2	2	2	7	4	6	6	6	6	6	6	2	2	2	5	3	3	2.4	2	2	2.25	2.2	2.125	4	4	1	1	17	10	16	17	15	7	2	21	5	98
500	no	50	3	foiskola	3	70	3	4	3	3	2	2	2	2	1	6	5	6	6	6	5	6	5	5	4.6667	4.4	4.6667	4	5.3333	3.8	4	3.75	4	3.9	3.875	3	2.75	3.3333	3.6667	24	26	21	24	22	8	17	8	2	172
506	no	73	2	egyetem	3	60	3	4	3	3	3	3	2	2	2	4	5	4	5	5	5	5	5	3.6667	4.6667	4.2	5.3333	3.3333	4.3333	3.2	3.25	4.5	4.5	3.225	4.5	2	2.75	3.6667	2.6667	17	13	22	20	15	6	15	8	2	138
510	no	32	0	kozepiskola	3	50	4	4	3	5	3	2	2	2	2	6	6	6	5	7	6	6	6	5	5.3333	4.6	4.3333	4	5.3333	4	4.5	4.25	4.75	4.25	4.5	3.8333	3.75	3.6667	3.3333	22	20	22	24	23	7	23	8	7	166
511	ferfi	57	2	foiskola	3	40	5	4	5	5	1	2	2	2	2	6	6	6	6	6	6	6	6	5.3333	5	5	5.3333	5	5.3333	4.4	4.5	5	5	4.45	5	4	4	3.6667	3	24	19	24	23	26	9	22	10	3	174
514	no	54	3	kozepiskola	3	70	4	6	5	3	1	1	1	1	2	7	7	7	7	6	6	7	6	6	5.6667	5	3.3333	4	5.3333	6	5.5	5.75	5.75	5.75	5.75	3.6667	3.75	3.3333	4	27	22	28	27	24	9	20	5	2	190
517	no	32	0	foiskola	3	70	5	5	4	3	3	1	1	1	1	6	4	5	4	5	6	7	6	5	4.3333	4.2	5	3	5	4.2	4.25	3	3.75	4.225	3.375	3.1667	3	3.6667	3.3333	25	22	26	26	24	8	28	4	1	194
518	no	57	3	kozepiskola	3	60	3	3	2	3	2	3	3	3	2	5	6	5	6	6	6	6	5	4	4.6667	4.6	3.6667	3.6667	5	3.2	3.5	3.25	4	3.35	3.625	2.8333	2.75	2.3333	2.3333	21	25	25	23	18	8	19	11	3	165
519	no	55	1	kozepiskola	2	40	3	4	3	3	3	3	2	3	3	5	4	4	4	6	6	6	4	3	5.6667	4.4	2.3333	3	5.6667	3.2	4	2.5	3.75	3.6	3.125	2.8333	3.5	2.3333	2.3333	19	25	18	20	18	7	11	13	10	135
522	no	37	0	foiskola	4	70	4	4	4	5	2	2	2	3	1	6	5	6	6	5	6	6	6	5.3333	4	4.8	4.3333	2.6667	4	4.8	4.75	4.75	5	4.775	4.875	2.6667	3.25	3.3333	3.3333	22	24	26	24	25	9	25	9	3	183
524	no	52	2	foiskola	3	70	5	4	5	5	3	4	3	3	1	7	7	7	7	7	6	6	6	5.3333	5.3333	5.8	3.3333	5	6	5.2	5.5	6	6	5.35	6	3.6667	4	3	3.6667	26	22	28	28	30	9	28	4	0	207
529	no	47	1	foiskola	3	20	3	5	3	3	2	4	4	4	5	6	6	6	5	6	6	6	5	5.3333	5.3333	5.2	5.3333	4.3333	5.3333	5	5.25	3	2.5	5.125	2.75	3.5	4	3.6667	4	25	22	29	27	25	9	18	6	0	189
531	no	35	1	foiskola	3	40	2	4	2	3	4	3	4	3	4	6	5	4	4	4	5	6	5	3.6667	4	3.8	3	3.3333	4.3333	3.2	3.75	2.5	4.25	3.475	3.375	2.5	3.25	2	2.6667	17	19	21	22	17	7	17	18	0	142
536	no	54	0	egyetem	3	50	4	4	4	4	3	3	4	3	3	6	6	6	6	6	6	6	6	4.3333	6	5	4.3333	4	5.3333	3.4	4	3.75	4	3.7	3.875	3.3333	3.5	3	3.6667	15	27	21	22	21	5	20	15	5	151
549	ferfi	57	2	egyetem	3	80	5	5	5	5	2	2	2	2	2	6	6	6	6	6	6	6	6	5.3333	5	5	6	5	5	5	5	5	5	5	5	3	3	4	3.6667	24	18	23	20	24	8	21	6	2	170
552	no	68	1	kozepiskola	3	50	4	3	6	4	3	3	3	3	3	6	7	6	6	6	6	7	7	5	5.6667	4.2	5.3333	3.6667	4.3333	4.4	4.5	3.5	3	4.45	3.25	3.1667	2.75	3.6667	4	22	22	25	19	24	8	23	5	1	177
554	no	51	9	foiskola	4	70	5	4	5	6	1	4	4	1	6	6	6	7	7	7	6	7	7	5.3333	6	5.6	4	3.6667	6	5.4	4.75	4.5	5.25	5.075	4.875	3.5	3.75	2.3333	3.3333	27	28	29	28	20	9	25	11	2	193
564	no	43	3	foiskola	3	30	4	3	3	3	3	4	3	3	5	4	5	5	5	6	6	6	5	3.6667	4.3333	4.2	4.3333	1	3.6667	3.8	4	3	3	3.9	3	2.6667	3.25	3	1	20	19	18	22	20	8	24	16	6	149
568	no	52	0	foiskola	3	50	5	5	5	5	3	4	3	3	1	4	4	5	5	5	6	6	5	3.6667	3.6667	3.2	5.3333	4	4	4	3.75	3.75	3	3.875	3.375	2.5	2.25	3.6667	3.3333	24	21	25	23	20	10	26	10	2	177
577	no	58	3	egyetem	3	60	4	4	4	3	3	3	3	3	3	6	6	6	6	5	5	5	5	5	4.6667	4.2	3.3333	3.6667	5.3333	4.2	4.75	3.5	4.5	4.475	4	3.3333	3.25	3	3.6667	24	24	25	26	23	8	22	10	1	181
580	no	43	9	kozepiskola	3	30	4	3	4	3	4	4	4	4	3	3	5	4	4	5	5	6	5	3.3333	4	3	3	3.6667	3	3.6	2.75	2.25	2.5	3.175	2.375	2.1667	2	2.3333	2	19	15	14	17	13	6	18	18	2	122
583	no	54	1	foiskola	3	90	5	6	5	6	1	1	1	1	1	7	6	7	6	7	6	7	7	6	4.6667	5.6	5.6667	3.6667	5.3333	5.8	5.75	6	5.25	5.775	5.625	3.5	3.75	4	4	27	22	26	29	29	10	26	4	1	204
595	no	53	2	egyetem	2	70	4	3	4	4	1	2	2	2	2	4	5	5	4	4	6	6	4	3.6667	3.3333	3.4	4.3333	3.6667	3.3333	3.6	3.25	2.5	4.5	3.425	3.5	3	2.25	4	2.3333	21	23	20	22	21	7	24	12	6	160
599	no	58	4	kozepiskola	3	60	5	5	5	5	1	1	1	1	1	6	6	6	6	6	6	6	6	4.6667	5.3333	4.8	4.3333	5.6667	4.6667	5	5	5.25	5.25	5	5.25	2.5	2.5	3.6667	3.6667	25	25	24	26	22	7	25	10	4	180
603	no	53	2	foiskola	3	90	6	6	6	6	1	1	1	1	1	7	7	7	7	7	7	7	7	6	6	6	6	4	5.3333	6	6	5.75	6	6	5.875	4	4	4	4	30	21	30	30	28	10	30	1	0	218
604	no	50	1	egyetem	3	60	5	5	5	6	3	2	2	2	2	6	6	6	6	6	6	4	6	4.6667	5	5.4	4.3333	4.6667	5	4.4	4.75	5	2	4.575	3.5	3.6667	3.5	3.3333	3.6667	23	23	28	29	26	10	28	8	0	199
606	no	48	2	altalanos	4	80	5	5	5	5	1	1	1	1	1	4	5	4	5	6	6	5	7	4.6667	4.6667	4.6	3.6667	4.3333	4.3333	5.2	5.25	5.25	5.5	5.225	5.375	2.8333	3	4	3.3333	26	27	29	25	26	9	28	1	0	209
608	ferfi	62	0	kozepiskola	3	50	4	3	4	4	3	2	2	3	1	4	2	3	3	5	5	5	4	4.3333	4.6667	4.4	4.6667	4	4.3333	3.2	4	1.5	2	3.6	1.75	2.6667	2.75	3	2.6667	21	23	15	18	21	5	17	12	5	143
609	no	62	2	foiskola	3	80	4	5	4	4	2	1	1	1	1	7	6	6	7	7	6	6	6	5	5	5.2	5	3.6667	6	4.4	5.25	4.25	5	4.825	4.625	3.5	3.75	4	3.6667	26	26	24	23	24	8	22	6	8	179
615	no	55	2	foiskola	3	30	5	4	5	5	2	6	2	6	3	7	7	7	7	7	7	7	7	6	6	6	5.6667	5	6	5.8	5.75	5.75	5.5	5.775	5.625	4	4	4	4	26	29	29	30	27	9	24	6	2	206
621	no	46	3	foiskola	3	60	6	4	5	6	3	5	4	4	1	7	7	7	7	7	7	7	7	6	5	5.8	4.3333	5	4	5.8	5.75	6	6	5.775	6	3.3333	3.75	4	2.6667	25	17	29	27	22	9	27	9	0	187
623	ferfi	35	0	kozepiskola	2	80	5	2	3	4	2	5	2	5	2	2	5	4	5	4	6	6	6	3.3333	4	4	4.3333	3	3.6667	2.2	3.25	4.25	5.25	2.725	4.75	2.5	2.75	3.6667	1.6667	12	20	22	14	6	3	22	19	5	115
635	no	69	1	kozepiskola	3	90	5	5	5	5	2	4	4	4	4	6	7	7	7	6	7	7	7	5	5.3333	4.4	4.6667	4.3333	5.3333	5	5.25	5.5	6	5.125	5.75	2.6667	2.75	3	4	23	25	26	24	26	9	25	8	3	187
641	no	47	3	kozepiskola	3	80	5	5	5	6	2	2	2	2	2	5	5	6	5	6	6	6	5	5.3333	4.3333	5	5	5	5.3333	4	4.5	4.5	4.25	4.25	4.375	3	2.75	2.6667	3.6667	24	28	21	28	26	7	29	9	7	187
643	no	74	3	foiskola	3	30	3	2	2	3	4	2	2	2	1	5	4	5	4	4	4	4	6	3.3333	3.6667	3.2	3	3.3333	4	2.2	2.5	3	3	2.35	3	2	2.25	2.6667	3	10	15	18	16	15	3	7	16	7	101
646	no	65	3	kozepiskola	3	50	4	4	3	4	2	5	4	5	4	5	5	6	6	6	6	6	4	5	5	5	4.6667	5	5.6667	4.4	3.75	4	4	4.075	4	3.1667	3.5	3	3.6667	21	22	20	22	22	7	17	12	2	157
647	ferfi	77	2	altalanos	2	50	4	4	4	5	2	4	3	3	2	6	4	6	4	6	6	7	6	4	6	5.4	4.6667	4.6667	6	3.8	4.75	5.25	5.75	4.275	5.5	3.1667	3.75	3	3.6667	19	18	15	23	17	3	22	9	2	146
651	ferfi	47	1	foiskola	3	30	3	2	3	3	4	3	3	3	2	6	4	4	4	5	5	7	5	3.3333	3.3333	5.2	3.3333	3.3333	5	3.4	4.5	2.5	3.5	3.95	3	2.5	3.75	2.6667	4	17	20	17	20	24	5	18	17	6	138
653	no	45	1	egyetem	3	40	3	3	2	3	5	4	3	2	4	3	3	3	4	5	4	3	4	3	4	3.2	4.3333	2.6667	2	2.6	3	2.75	3.25	2.8	3	2.5	2.75	3	2	10	8	12	18	17	3	13	15	9	97
659	no	65	1	egyetem	3	70	4	4	4	NA	3	3	4	2	4	7	6	6	6	6	7	6	6	4.3333	4.6667	5.2	4.6667	3	5.6667	4.2	4.25	3.5	4	4.225	3.75	3	3.75	3.3333	3.6667	22	20	27	24	25	7	25	10	7	173
664	no	64	0	foiskola	3	90	4	2	5	4	1	1	1	1	1	5	6	6	6	6	6	6	6	4.3333	5.3333	5	5	4	5.3333	6	5	5	5.25	5.5	5.125	3.8333	4	2.3333	2.6667	26	28	29	26	28	10	22	5	1	203
669	no	52	0	kozepiskola	3	30	4	3	4	3	3	4	3	3	6	4	4	4	5	5	5	4	6	3	4.3333	3.2	3.6667	3.3333	3.6667	2.8	4	3.25	3.75	3.4	3.5	2.5	3.75	2.3333	1.6667	20	24	20	21	15	2	26	20	8	140
673	no	66	2	foiskola	4	90	6	6	6	6	1	1	1	1	1	7	7	7	7	7	7	7	7	6	6	5.8	6	6	5.6667	5.8	6	6	6	5.9	6	4	4	4	4	30	18	29	23	27	10	30	2	0	205
685	ferfi	59	2	kozepiskola	2	30	4	4	5	4	3	2	2	3	2	4	4	5	4	5	5	6	4	4	4.6667	2.8	4.6667	3.6667	4	3.6	3.5	3.25	4.5	3.55	3.875	2.6667	2	2.6667	2.3333	20	22	19	18	21	8	23	7	2	162
686	no	45	3	kozepiskola	4	20	3	3	2	3	3	3	3	3	3	6	6	6	6	6	6	6	6	4	5	4.2	2.6667	3.6667	4.6667	3.6	4	4	4	3.8	4	3.3333	3.25	3	2.6667	25	19	26	22	24	8	20	7	1	176
687	no	45	2	foiskola	3	50	4	2	4	3	5	6	6	6	6	5	6	5	7	6	7	5	6	3.3333	3.3333	5.2	3	3.3333	4.6667	2.8	3.75	4	3.5	3.275	3.75	2.6667	4	1	2.3333	12	19	22	23	24	3	17	17	8	135
691	ferfi	51	0	foiskola	3	70	4	2	3	3	4	3	2	2	2	3	3	4	4	4	4	3	4	2.3333	2.6667	3.2	2	2.3333	4.3333	2.2	2.5	2.75	3.5	2.35	3.125	2.1667	2.5	2	1.6667	12	18	9	16	19	2	23	18	8	113
693	no	50	1	foiskola	4	80	4	4	4	4	3	1	2	1	2	5	5	5	6	5	6	4	6	5.3333	4.6667	4	6	4	4.6667	4.2	4.5	4.5	4.5	4.35	4.5	2.8333	2.75	4	4	24	21	21	22	26	7	20	4	4	173
695	no	47	0	foiskola	3	60	4	4	5	4	3	3	3	3	2	5	5	6	5	6	5	5	5	5	5	4.6	4	3.6667	5	4	4.5	4.5	4.5	4.25	4.5	2.6667	3	3	3	23	26	16	23	24	7	23	10	3	169
698	no	54	1	foiskola	3	80	4	4	5	4	3	2	2	1	1	5	5	6	6	6	6	7	7	4.6667	6	5.4	5.6667	6	6	4	4.5	4.5	5.5	4.25	5	3.5	3.5	3.6667	4	24	20	25	23	24	8	24	6	5	177
701	no	42	3	foiskola	2	50	4	3	5	5	3	4	4	4	2	7	4	7	6	5	5	6	6	4.6667	4.6667	5.2	3.3333	4.6667	4.6667	4.4	4.75	4.5	4.5	4.575	4.5	3.3333	3.5	3	4	23	25	25	28	28	9	26	14	5	185
707	no	67	1	foiskola	3	70	4	5	5	6	1	2	1	1	5	6	4	7	4	6	6	7	6	5	5	5	6	4.6667	4.6667	4.6	4.25	2.25	4	4.425	3.125	3.1667	3.25	4	4	26	22	19	23	24	9	24	5	2	180
710	no	73	2	egyetem	3	30	5	5	4	5	2	2	2	2	3	6	5	6	4	6	6	6	6	4.6667	5	4.8	5.3333	5	5.3333	4.2	4.25	3	4.5	4.225	3.75	3.6667	3.75	3.6667	3	20	26	18	25	22	8	26	12	6	167
711	no	54	1	kozepiskola	3	50	5	4	5	5	1	1	1	1	1	6	6	7	6	7	6	4	6	5	5	4.2	3.6667	2.6667	5	5	4.25	4.5	4.75	4.625	4.625	3.3333	3.25	3	2.3333	25	27	28	27	29	10	27	8	0	205
712	no	34	0	kozepiskola	3	20	4	1	1	2	5	6	6	6	6	1	1	1	6	6	4	1	1	2.3333	2.6667	1.2	1	1	3.6667	1.6	1	1	1.5	1.3	1.25	1.1667	1.5	1	1.3333	3	15	6	7	6	3	15	25	9	61
715	no	57	1	egyetem	3	90	5	6	5	5	2	2	1	1	1	7	7	7	7	7	7	7	7	5	5.6667	6	6	5.3333	5.3333	5.2	5.5	5.75	5.75	5.35	5.75	3.8333	4	4	4	25	27	29	27	28	9	25	4	2	204
716	no	62	2	foiskola	3	80	6	5	5	5	2	2	2	2	2	6	6	6	6	6	6	6	6	4.3333	4	4	3.3333	4	4.3333	5	4	4	4.25	4.5	4.125	3.1667	3.75	2.6667	3.3333	25	24	28	27	27	8	27	10	8	188
718	no	31	2	egyetem	4	20	3	2	3	2	7	6	6	6	5	4	2	4	4	4	4	3	1	3.3333	4.3333	2.4	1.6667	4	4.6667	3	3	2.25	2.5	3	2.375	2	1.5	1	2.6667	5	19	8	18	14	2	11	25	8	84
719	no	55	3	foiskola	3	50	4	4	4	4	3	3	3	3	3	4	4	5	5	5	5	5	5	3.6667	3.3333	3.6	4	3.6667	3.3333	3.8	3.5	3	3.5	3.65	3.25	3.3333	4	2	2	23	20	22	25	22	8	19	10	5	164
721	no	66	2	foiskola	3	50	4	6	4	4	3	4	4	4	4	6	6	6	5	4	7	6	7	5.3333	5.6667	4	4.3333	4.6667	4.6667	4.2	4	4	4	4.1	4	3.1667	2.25	3	3	21	21	21	25	21	5	15	10	5	154
724	no	50	3	egyetem	3	90	5	5	6	5	2	2	2	2	1	6	6	6	6	5	6	6	5	5.3333	5.6667	5.8	5.3333	5.3333	5.3333	5	5.5	5.25	5.5	5.25	5.375	3.8333	3.75	4	4	26	28	28	29	27	8	29	4	0	211
727	no	65	1	kozepiskola	3	50	4	3	3	3	3	2	3	2	2	3	5	5	5	5	6	6	5	3.6667	3	4.2	5.3333	3.6667	4.6667	3.6	4	1.5	2	3.8	1.75	2.8333	3.25	3.3333	3	22	20	19	20	24	7	20	11	3	158
728	no	65	1	egyetem	3	50	5	5	5	5	1	1	1	1	1	7	6	6	6	6	6	6	6	5	5	4.6	5.3333	4	5	5	5	5	5	5	5	4	4	3.6667	4	26	28	24	28	28	10	21	9	0	196
729	no	56	1	kozepiskola	3	60	6	5	5	6	2	4	2	3	6	7	6	6	6	7	7	7	6	4	5.3333	5.6	5.6667	5.3333	5.3333	5.8	6	5.75	6	5.9	5.875	3.6667	2.75	3.6667	4	28	27	28	28	27	9	28	4	0	211
738	no	42	3	egyetem	3	90	4	6	4	5	2	1	1	1	1	6	6	7	7	7	7	7	6	6	4	5	5.3333	5.6667	5.3333	6	5.5	5.25	5.75	5.75	5.5	3.5	3.5	4	4	27	27	27	24	28	9	24	3	0	203
740	no	51	2	kozepiskola	3	70	3	5	3	3	2	1	1	2	1	7	7	7	7	7	7	7	7	5.3333	6	5.8	5	5	5.6667	4.8	5.75	5.75	6	5.275	5.875	3.3333	3.5	3.3333	4	22	25	27	30	26	8	21	7	1	191
742	no	74	2	kozepiskola	3	70	4	NA	5	4	2	5	4	4	5	5	6	6	5	4	6	6	6	5	4.6667	4.6	5.3333	3.6667	4.6667	4	4	4	4	4	4	3.1667	2.75	4	3	26	14	22	24	22	10	26	1	0	183
760	ferfi	51	2	kozepiskola	4	70	5	5	5	5	1	1	1	1	1	7	7	7	7	7	7	7	7	6	5.3333	4.4	5.3333	5.6667	5	5.8	5.75	5	5	5.775	5	3.5	3.25	3.3333	4	26	24	28	27	23	10	30	3	0	205
763	no	61	2	kozepiskola	3	60	5	4	5	4	3	2	3	2	1	7	5	6	6	6	6	6	6	5	4.3333	3.8	3	4	4.6667	4	4	4.75	4.75	4	4.75	2.5	2.75	2.3333	2.6667	23	24	26	26	24	8	19	6	1	183
765	ferfi	48	0	kozepiskola	3	50	4	3	3	3	4	4	4	4	2	2	4	4	4	4	3	3	4	3.3333	2.6667	3.4	3.3333	2.3333	3.3333	2.2	2.25	1.75	1.75	2.225	1.75	1.5	2	3	2.3333	12	16	10	15	11	4	17	21	9	95
767	no	64	2	foiskola	3	40	6	4	6	6	1	1	1	1	1	7	7	7	7	7	7	7	7	5.3333	5	5	5.6667	5.3333	5.3333	4	4	4.25	4.5	4	4.375	3.8333	4	4	4	28	24	30	30	29	10	30	5	0	216
774	no	72	2	kozepiskola	3	90	6	6	5	6	1	2	1	1	1	7	5	7	5	7	7	7	5	5.3333	4.3333	4.2	5	3.3333	5.3333	5.6	5.75	5	5.75	5.675	5.375	3.3333	2.75	3.6667	4	25	22	27	26	28	10	23	4	1	196
780	no	58	1	egyetem	3	50	5	4	5	5	2	1	3	2	3	6	6	5	6	5	6	7	6	5	3.6667	5.4	5	4.6667	5	5.2	5	4.25	5.25	5.1	4.75	2.8333	3.75	3	1.6667	16	11	17	17	14	7	26	13	0	135
781	no	54	1	kozepiskola	3	60	4	2	5	4	5	2	2	2	4	4	3	4	4	4	4	4	2	3	4	3.4	2.6667	2.3333	4.3333	2.6	2.25	2.75	3.25	2.425	3	2	2	2.3333	1.3333	13	15	12	18	19	3	21	13	8	120
786	no	30	0	kozepiskola	3	60	3	4	3	6	4	4	3	3	3	6	4	5	7	6	6	6	5	4.6667	4	4.2	4	1	4	4	5	3.5	4.75	4.5	4.125	3	3	3	1.3333	20	25	25	27	25	7	20	17	2	170
787	no	54	3	kozepiskola	3	90	6	6	6	6	1	1	1	1	1	6	6	6	6	6	6	6	6	4	5.3333	5.2	6	5.6667	5.3333	5.6	5.5	4.25	4.5	5.55	4.375	3.1667	3	4	3.3333	29	30	30	29	30	10	30	3	0	225
793	no	55	2	kozepiskola	3	80	6	5	5	5	1	2	1	1	1	6	6	6	7	7	6	7	6	5.3333	4.3333	5.2	5.6667	4.3333	5	5.2	5	3.25	5.25	5.1	4.25	2.5	3.25	4	4	27	24	21	29	24	9	28	3	0	199
796	no	65	2	egyetem	4	80	3	4	3	3	1	1	1	2	2	6	6	5	6	6	6	5	6	5.3333	5.3333	4.8	5.6667	5	5.3333	5	5	4.75	4.75	5	4.75	3	3	3.6667	4	26	23	24	23	24	9	17	6	2	178
798	ferfi	38	3	egyetem	3	30	5	5	5	5	3	5	5	5	4	7	5	6	7	6	7	5	6	5	2	4.4	4.3333	5	5.6667	4.6	4.75	5	4.5	4.675	4.75	3.3333	2.75	3	3.6667	23	27	21	25	27	7	26	7	5	184
799	no	51	2	foiskola	4	90	5	5	6	5	2	4	2	2	1	7	6	5	5	6	7	7	5	6	5	4.8	5.3333	4.3333	4.6667	5.6	4.25	3	4	4.925	3.5	3.1667	3.75	3.6667	3.6667	27	26	24	27	26	9	30	4	1	204
806	no	58	2	foiskola	2	90	5	6	4	4	1	1	1	1	1	7	7	7	7	6	7	7	6	6	5.6667	5.2	6	4.6667	5	5.8	5.75	5.25	5.5	5.775	5.375	3.6667	3.5	4	4	28	22	28	28	27	10	23	2	0	204
807	no	62	1	foiskola	3	70	4	4	4	3	1	5	3	3	1	7	5	6	4	7	6	7	6	4.6667	6	4.2	4.3333	3.6667	6	5	4.75	4.5	5.75	4.875	5.125	3.1667	3.25	3	3.3333	22	25	24	28	22	8	23	4	1	187
808	no	51	1	kozepiskola	3	50	4	1	NA	5	5	3	3	2	1	6	6	7	6	6	7	5	7	3	4.6667	4.6	2.3333	2.3333	5.6667	2.8	2.75	3.25	5.5	2.775	4.375	2.3333	3	2.3333	2.6667	14	24	10	24	26	1	24	8	4	151
809	ferfi	58	2	foiskola	4	40	4	3	NA	4	3	4	4	5	2	5	4	5	5	5	5	5	6	3.3333	4	4.2	2.3333	4.3333	4.6667	3	3.75	2.5	3.75	3.375	3.125	2.5	2.5	1.6667	3	13	20	13	19	19	5	20	12	3	134
813	no	46	2	egyetem	3	40	3	4	2	2	4	2	2	2	2	4	2	4	4	4	4	4	4	3	3	4	4.6667	4.3333	4.6667	3.4	2.75	2.25	2	3.075	2.125	2	2.75	3.3333	3	17	21	14	18	19	5	12	7	2	137
815	ferfi	66	4	kozepiskola	3	70	4	4	3	4	2	2	1	1	2	5	5	5	5	5	6	5	6	4.3333	4	4.2	5.3333	4	5.3333	3.4	3.5	2	3	3.45	2.5	2.6667	2.5	3.3333	3.6667	22	23	23	22	24	7	21	7	1	174
816	no	64	2	kozepiskola	4	60	5	5	5	6	1	2	2	2	2	6	6	6	6	6	6	6	6	4.6667	4	5.8	4.6667	4.6667	5.6667	4.4	4.75	3.5	3.75	4.575	3.625	3.8333	4	2.6667	3	24	25	22	25	25	7	26	4	1	189
818	no	61	1	kozepiskola	3	70	4	5	4	3	3	3	4	3	5	4	5	4	5	5	5	6	6	4.3333	4.6667	4.4	5	3.6667	4	3.8	3.75	3.75	4.25	3.775	4	3	2.75	3.3333	2	22	19	24	23	19	7	22	12	5	159
825	ferfi	45	0	kozepiskola	3	90	4	3	1	2	3	2	3	3	6	4	4	4	4	7	5	5	4	3.6667	5	4.6	5.6667	2	5	3.6	2.75	2.75	3.75	3.175	3.25	1.8333	3.25	3.6667	3.6667	21	26	6	22	25	8	17	14	8	143
829	no	33	1	kozepiskola	3	20	4	1	2	6	4	4	4	5	4	1	2	2	2	3	2	2	3	2	2	1.8	4.3333	3.3333	3	1.6	3.25	1.75	4.75	2.425	3.25	1.5	2	3	3.3333	10	18	0	26	22	0	16	25	10	97
830	ferfi	51	4	altalanos	3	80	4	6	4	5	1	1	1	1	1	7	6	7	7	7	7	7	7	6	6	5.4	5.6667	5.6667	6	5.2	5	3.75	4.75	5.1	4.25	3.6667	3.75	4	3.6667	28	17	27	25	24	10	23	2	1	191
833	no	52	1	kozepiskola	4	90	6	6	6	6	1	1	2	1	1	7	6	7	6	6	7	7	6	6	4.3333	5	4.6667	4.6667	5.3333	6	5.5	4.75	6	5.75	5.375	3.3333	3.25	3.3333	3	30	25	29	23	29	10	30	3	0	213
835	no	75	2	egyetem	3	50	4	5	4	3	2	1	1	1	3	5	5	5	5	4	5	4	6	4.3333	3	3.8	4	4	4.3333	3.6	3.25	3.5	3	3.425	3.25	2.1667	2.75	3.3333	4	25	17	22	25	25	8	22	4	5	175
836	no	44	3	foiskola	4	30	4	4	3	5	3	5	5	5	1	6	5	6	5	6	5	4	5	4	4.3333	5	4.6667	2.6667	4.6667	4.4	4.25	4.75	4.75	4.325	4.75	2.6667	3	2.3333	3	20	25	25	27	24	7	15	12	0	171
840	no	62	2	foiskola	3	70	5	4	5	4	2	3	3	2	2	7	5	7	6	6	6	6	5	4.6667	4	3	4.3333	3.6667	5	4	4.5	5	5.75	4.25	5.375	2.8333	2	3	2.6667	21	27	23	22	21	7	22	12	3	168
855	no	51	0	foiskola	3	60	5	5	5	5	2	2	1	1	1	6	3	5	5	6	7	7	6	3.6667	6	5	4.3333	5	5	4.2	5	2.75	6	4.6	4.375	3.5	3	3	3.3333	24	20	17	26	21	9	28	4	4	177
856	ferfi	59	2	foiskola	3	80	5	5	5	5	1	1	1	1	1	6	6	7	6	7	7	6	6	5.6667	5	5.4	5.6667	5.3333	5.6667	5	5	5	5	5	5	4	3.75	4	4	27	27	27	26	26	9	27	2	1	206
873	no	61	2	kozepiskola	3	70	4	5	5	3	2	2	2	2	2	6	4	5	6	6	6	6	5	5	5.3333	5	4.3333	5	5	4.4	5.25	4.25	4	4.825	4.125	3	3.5	3	3.6667	21	26	20	25	24	8	24	5	1	182
874	no	44	0	kozepiskola	1	10	5	3	5	5	4	6	5	5	2	6	4	6	7	6	6	7	5	4.6667	4.6667	5.6	3.6667	2.6667	5.3333	4	4.75	4.75	5.75	4.375	5.25	2.5	3.75	3.3333	3	19	26	14	22	21	2	24	10	1	157
875	no	47	1	kozepiskola	3	60	4	5	4	3	3	3	3	3	3	5	5	6	5	6	7	7	4	5	5	5.4	3.6667	5.6667	5.3333	4.2	5.25	3.75	4.75	4.725	4.25	3.6667	3.5	3.3333	3.3333	24	25	21	22	23	7	22	11	2	171
876	ferfi	75	4	egyetem	4	80	5	5	5	6	2	1	2	3	4	7	7	7	5	7	7	7	7	4.3333	4	5.4	5	5	5.3333	4.8	5.5	6	5	5.15	5.5	3.1667	3.25	3.6667	4	27	28	26	27	27	9	28	6	2	204
884	no	61	2	foiskola	3	60	4	4	4	4	2	2	1	1	1	6	6	6	6	6	4	6	6	5	4	5.4	3	4.3333	5.3333	3.8	4	4.5	2.5	3.9	3.5	2.8333	3.5	4	4	22	22	26	25	25	9	23	6	0	186
885	no	58	4	kozepiskola	3	90	4	4	4	4	1	1	1	1	1	7	6	7	7	7	7	7	7	6	6	5.8	6	6	6	5.4	5.75	5.5	6	5.575	5.75	3.8333	3.75	4	4	28	30	30	30	25	10	29	1	0	221
890	no	65	1	kozepiskola	3	30	4	4	4	3	3	2	2	3	3	5	5	5	5	5	6	5	5	4.3333	4.6667	4.8	2	4	5	4.4	4.25	4.25	4.5	4.325	4.375	3	3.25	2	2.6667	22	25	26	26	23	8	23	13	0	180
892	no	62	2	foiskola	3	80	3	4	3	3	3	2	1	1	4	5	5	5	5	5	6	6	6	4.6667	4.6667	4.8	5	4	5.3333	4.2	4	3.5	4.25	4.1	3.875	2.8333	3.5	3.6667	3	21	22	19	22	22	7	13	4	2	160
894	no	38	2	kozepiskola	3	70	4	4	4	4	2	4	4	4	4	6	5	6	6	6	6	6	6	4.3333	5	5	4.3333	5	5	4	4.25	4	4.25	4.125	4.125	3.3333	3.25	3.6667	3.3333	21	25	23	24	22	7	24	5	7	174
895	ferfi	37	0	kozepiskola	3	50	4	4	4	4	3	4	3	4	4	4	4	4	4	4	4	4	4	5	5	5	2	4	4	4	4	4	4	4	4	3	3	2	2	20	22	20	21	22	7	18	15	5	150
896	no	54	3	kozepiskola	3	50	4	4	4	4	2	3	3	3	3	6	6	6	7	7	7	7	7	4.3333	5.3333	5	5	3.6667	4.6667	4.2	4.5	4.75	5	4.35	4.875	3.1667	3.75	3.3333	3.3333	24	17	26	20	19	8	21	9	5	161
898	no	54	3	kozepiskola	3	50	4	4	4	4	2	3	3	3	3	6	6	6	7	7	7	7	7	4.3333	5.3333	5	5	3.6667	4.6667	4.2	4.5	4.75	5	4.35	4.875	3.1667	3.75	3.3333	3.3333	24	17	26	20	19	8	21	9	5	161
899	no	59	3	egyetem	3	50	3	4	2	4	2	3	2	2	4	6	6	5	6	7	7	7	6	4.6667	5	5.2	4.6667	4.3333	3.6667	5.2	4.5	3.25	3.25	4.85	3.25	3.3333	3.5	4	4	24	25	29	27	25	8	13	12	0	179
903	no	53	3	foiskola	3	60	4	4	4	4	3	3	3	3	1	6	5	6	5	6	5	5	6	5.3333	4.3333	4.4	3.6667	4.3333	4.3333	3.8	3.25	2	1.5	3.525	1.75	3.3333	3	3	3.3333	24	28	26	27	19	9	26	5	1	193
906	no	33	0	egyetem	3	50	4	4	4	5	3	4	4	4	3	6	6	6	6	7	6	6	6	5	5	5.2	3	4.3333	4.3333	4.4	4.75	4.5	5	4.575	4.75	3.5	3.75	2.3333	3.3333	25	19	26	25	25	9	24	18	1	174
907	no	62	2	foiskola	2	30	4	4	5	5	1	3	4	4	2	6	6	6	6	6	6	7	6	5	5	5	5	5	5	5	5	5	5.25	5	5.125	3	3	3.3333	3	27	26	18	23	26	8	25	8	2	183
909	ferfi	60	1	foiskola	3	90	4	6	4	3	1	1	1	1	1	7	7	7	7	7	7	7	7	4.3333	6	6	5.3333	6	6	5	6	5.5	6	5.5	5.75	4	4	3.3333	4	30	30	30	29	30	10	15	0	0	214
910	ferfi	51	0	foiskola	3	70	4	4	4	3	2	2	2	2	1	6	6	7	6	5	7	7	6	5.6667	6	5.6	6	4.3333	5.6667	5.4	5	5.25	6	5.2	5.625	3.6667	3.5	4	3	26	30	22	29	27	10	24	5	7	196
919	no	58	3	kozepiskola	3	70	4	4	4	5	2	6	6	6	6	5	5	6	6	7	6	6	5	5.3333	6	4.4	5.6667	4.6667	5.3333	4.4	4.5	4.25	4.75	4.45	4.5	3.3333	2.75	4	3.3333	25	21	18	18	21	8	19	2	0	168
922	no	50	2	foiskola	3	80	3	4	3	3	2	2	2	2	1	6	6	6	7	6	6	7	6	5.3333	4.6667	5.4	6	4.3333	5.3333	4.8	4.75	4.75	5.75	4.775	5.25	3.8333	3.5	4	4	24	24	27	27	22	9	22	4	2	189
923	no	50	5	kozepiskola	3	50	4	4	4	6	2	3	2	1	3	6	7	7	7	7	6	7	7	4.6667	6	5.6	2.3333	3	5.6667	4.4	5.5	5.25	5.75	4.95	5.5	3	3.75	2	3	25	27	28	27	26	9	26	7	8	193
924	no	46	1	foiskola	3	60	3	4	3	3	3	3	2	3	1	6	6	6	6	6	6	6	6	4	4.3333	5	4.6667	5	5.3333	3.8	4	4.75	5	3.9	4.875	3.8333	3.75	3.3333	3.6667	23	23	25	24	24	8	17	9	1	174
926	no	61	3	egyetem	3	40	4	3	3	4	4	5	3	3	6	4	4	5	5	7	7	6	7	4	3.3333	4.8	3	2.3333	5.3333	3.4	3	3.25	4	3.2	3.625	2.5	3	3	2	16	25	13	22	19	5	21	12	4	145
962	no	52	1	egyetem	3	30	3	4	3	4	2	4	4	4	3	7	7	7	7	6	7	7	7	5	6	5.6	5.3333	4.6667	5.6667	3.8	4.75	5.25	5.75	4.275	5.5	3.3333	3.5	3.6667	3.6667	20	21	26	28	24	7	25	6	0	185
963	no	49	3	kozepiskola	3	50	5	5	5	6	1	4	4	4	4	7	7	7	7	6	7	7	7	6	5.3333	5.6	5.3333	4.6667	4.6667	5.4	5.5	5.5	5.5	5.45	5.5	4	4	3.6667	3.3333	25	21	19	28	25	10	28	9	2	185
967	ferfi	59	3	foiskola	3	80	4	5	5	5	1	1	1	1	1	7	7	6	6	7	7	6	6	5.6667	5.3333	4.6	4.6667	4.3333	5.3333	5.8	4.75	5	5.75	5.275	5.375	3	3	3.6667	4	28	27	29	25	25	10	24	3	0	205
973	no	47	4	altalanos	1	10	2	2	1	1	4	6	6	6	6	1	4	5	7	7	6	7	4	1.3333	4.6667	3.4	4.3333	1.6667	5.3333	2.6	2.75	3	4	2.675	3.5	2.3333	3	3	1.3333	12	15	24	19	11	2	10	24	10	99
974	no	50	4	kozepiskola	3	20	4	4	3	4	4	5	5	4	3	2	4	3	3	3	3	3	5	3	3.6667	3.4	4	4.3333	3.6667	3	2	2	2.5	2.5	2.25	2.1667	2.25	1.6667	3.6667	11	8	22	6	12	6	24	18	3	108
978	no	58	2	kozepiskola	3	60	4	4	4	4	1	3	3	3	3	5	4	4	5	5	5	6	5	5	5	4.8	4.3333	4.3333	5	4.6	4.25	4	4.5	4.425	4.25	3.5	3.5	3.3333	2	27	25	26	27	25	8	26	9	7	188
985	no	62	2	foiskola	3	50	4	4	4	4	3	4	3	3	4	6	6	6	6	6	6	6	6	5	5	4.6	4	4.6667	4.3333	5	5	5	5	5	5	3.5	4	3	2.6667	25	21	24	25	24	9	19	9	1	177
986	no	48	2	egyetem	4	50	4	5	3	5	3	2	2	2	1	7	6	7	7	7	6	6	6	2.6667	2.3333	2.8	3	3	2.6667	4.4	5	5	5.5	4.7	5.25	2	2	2	2.3333	22	22	25	26	24	7	23	5	1	183
989	no	71	2	kozepiskola	3	60	3	3	2	2	3	3	1	2	1	7	7	7	6	7	7	6	7	2.6667	5.3333	4	3.6667	3.3333	5.3333	3.6	4	4	4	3.8	4	1.8333	2.75	3	3	18	24	26	25	24	6	25	12	0	176
995	no	57	2	kozepiskola	3	10	6	5	5	5	3	4	4	3	2	7	6	7	6	6	6	2	7	4	4.3333	5.4	5.6667	5	5.3333	4	4.75	4.75	5.25	4.375	5	3	3	4	3.3333	22	16	14	26	25	7	29	10	5	164
1005	ferfi	63	2	egyetem	3	50	5	5	5	5	1	2	2	2	2	6	6	6	6	6	6	6	6	5.3333	5	5	5.6667	5.3333	5	5	5	5	5	5	5	4	4	4	4	27	27	27	27	27	9	27	3	0	208
1006	no	36	2	kozepiskola	4	80	5	4	5	5	3	5	5	5	5	6	6	6	6	6	6	6	6	4	4.6667	4.4	3.6667	3.3333	3.6667	4.8	5.25	5.5	6	5.025	5.75	3.6667	3	2.6667	3.6667	24	18	28	29	25	8	25	15	1	181
1011	no	40	3	egyetem	4	60	4	4	4	4	2	3	3	3	1	6	6	6	7	7	7	6	6	4.6667	5.6667	4.6	5	4	4.3333	4.6	4.5	3.75	5.5	4.55	4.625	3	3	3.3333	3.3333	22	22	26	23	19	9	24	11	0	174
1014	ferfi	67	2	kozepiskola	3	60	4	5	3	5	2	3	4	3	4	6	6	5	6	6	7	6	6	5.3333	5.6667	5.8	4	5.6667	5.3333	4.8	4.75	3.5	4.5	4.775	4	3.6667	3.75	3	2.6667	28	19	25	27	25	10	22	9	2	185
1015	ferfi	72	2	foiskola	3	90	5	5	5	4	1	1	1	1	1	7	7	7	7	7	7	7	7	6	6	6	6	6	6	6	6	5.75	6	6	5.875	4	4	4	4	27	21	29	29	27	10	26	0	0	209
1018	no	67	2	foiskola	3	50	5	4	5	6	3	4	5	5	6	5	6	6	3	4	4	6	6	5	5	4.2	5	3.6667	4.6667	3.6	3.5	2.25	2.75	3.55	2.5	3.1667	3	3.6667	3.3333	17	24	25	27	20	8	24	13	5	167
1020	ferfi	72	3	egyetem	3	70	4	5	4	4	2	2	2	2	1	6	6	6	5	6	7	6	7	5.6667	4.6667	4	5	4.3333	5	4.8	4.25	3.25	4.25	4.525	3.75	3.3333	3	4	3	25	21	25	24	20	9	20	6	0	178
1022	no	70	3	kozepiskola	3	70	3	4	3	2	2	3	3	3	2	6	6	6	7	7	7	7	6	4.3333	5	4.8	2.6667	3.6667	5.3333	4.6	4.5	5	5	4.55	5	2.8333	3.25	2.3333	3	21	25	21	23	23	7	19	12	6	161
1025	no	51	3	foiskola	3	30	4	5	5	4	5	6	3	5	3	7	7	7	7	7	7	6	6	5	4.6667	5.8	4	4	5.6667	4	4.75	4.5	5	4.375	4.75	3.3333	4	3	4	25	29	25	29	26	9	21	4	0	200
1029	ferfi	42	2	foiskola	4	80	5	6	6	5	2	1	1	2	2	6	7	6	5	6	6	6	6	5.3333	5.6667	4.6	2.6667	4.6667	5.3333	5.4	5	4	4.5	5.2	4.25	4	3.75	1.6667	3	25	26	27	24	27	8	26	5	0	198
1030	no	55	2	foiskola	2	60	3	4	3	3	3	2	2	2	3	5	5	5	5	5	6	6	6	4	4.6667	5.8	2.6667	4.6667	5.3333	3.6	3.5	3.5	4.5	3.55	4	3.3333	3.75	2	4	21	25	23	23	19	7	19	16	6	155
1041	ferfi	66	1	foiskola	4	90	6	6	6	5	1	1	1	1	1	6	6	6	6	6	6	6	6	5.3333	5	5	6	5.3333	5.3333	5.6	5	5	5.5	5.3	5.25	3.8333	3.25	4	4	25	28	28	27	26	9	19	2	0	200
1044	ferfi	46	2	kozepiskola	3	70	4	4	4	4	3	1	1	1	1	6	6	6	6	6	7	7	6	2.6667	5.3333	2.8	5.3333	5.3333	5.6667	4.4	4.5	4.25	3.5	4.45	3.875	2.8333	2.5	3.6667	3.6667	24	23	25	25	24	8	22	12	0	179
1045	no	53	2	foiskola	4	20	5	5	5	5	4	4	4	4	4	7	7	7	7	6	7	6	6	4.6667	5.6667	5.6	5.3333	4.6667	5.6667	4.8	5	6	6	4.9	6	3.8333	4	3.6667	4	25	26	25	28	26	9	28	7	1	199
1048	ferfi	57	3	foiskola	3	80	6	5	6	6	2	2	1	2	1	7	7	7	7	6	6	7	6	6	4.6667	5	5.6667	4.6667	5.3333	5.8	5.5	5.25	6	5.65	5.625	3.6667	3	4	4	26	28	28	26	26	8	29	5	0	206
1050	no	51	0	foiskola	2	20	4	2	5	3	5	5	5	5	4	4	3	5	5	4	5	3	5	2.3333	5	3.6	1	2	4.3333	3	4	1.75	4.75	3.5	3.25	2.3333	2.75	1.3333	1	15	21	14	20	17	2	25	23	9	122
1057	no	58	3	foiskola	3	10	5	4	5	5	3	3	2	2	2	6	6	6	5	6	5	5	5	5	5	5.2	4.6667	5	3.6667	4.8	5	4.5	5	4.9	4.75	3.5	3.75	4	4	24	23	24	27	26	8	27	23	8	168
1067	no	58	2	egyetem	3	50	3	3	3	1	3	6	5	5	3	4	4	5	5	5	5	5	6	3.3333	4.3333	4.8	4.6667	3	5.6667	3.4	3.5	4.25	4.25	3.45	4.25	2.1667	3.25	3	3.6667	17	22	19	20	22	5	15	12	5	143
1073	ferfi	72	3	egyetem	3	50	4	6	6	5	3	6	5	6	4	7	7	7	7	7	6	6	7	5	5	5	4.6667	3.6667	5.6667	4.2	4.5	5	5	4.35	5	3.3333	3.25	2.6667	3	26	20	28	29	29	9	25	3	0	203
1075	no	38	0	foiskola	4	20	5	4	4	4	2	2	2	2	4	6	6	6	6	6	6	5	6	4.3333	4.6667	4.8	2.6667	3.3333	5.3333	3.6	3.75	4	4	3.675	4	2.5	3	2.6667	2	19	19	21	24	24	7	26	19	4	157
1081	ferfi	43	1	egyetem	3	50	4	4	4	4	2	3	2	2	2	4	5	4	5	5	6	5	6	4.3333	4.3333	4.2	3.3333	3.6667	4	3.6	3.25	2.75	3	3.425	2.875	2.5	3	2	2.6667	21	16	24	21	22	8	24	12	0	164
1085	no	61	3	kozepiskola	3	70	4	5	4	3	3	3	3	3	2	5	6	5	5	4	6	5	5	5.3333	5.3333	4.2	3	4.6667	4	5	4.25	3.75	4.5	4.625	4.125	2.8333	2.25	3.3333	3.6667	26	21	30	24	23	8	22	4	7	183
1086	ferfi	58	5	kozepiskola	3	70	4	4	4	4	4	1	2	2	3	4	4	5	4	6	5	5	6	4	3.6667	3.4	4.6667	3.3333	4	4	3.75	2.5	2.25	3.875	2.375	2.6667	2.75	4	3	18	21	17	20	21	7	25	6	6	157
1089	no	69	0	foiskola	5	90	6	5	6	6	2	2	1	2	2	7	6	7	7	6	7	7	6	5.6667	6	5	4.6667	5	6	5.8	5.5	5.75	6	5.65	5.875	2.1667	2.5	1.6667	2	28	29	28	29	28	10	30	2	0	220
1096	no	41	2	kozepiskola	3	70	5	4	5	5	2	3	2	3	3	7	7	7	7	7	7	7	7	4.6667	4.6667	5	3.6667	3	4.6667	4.8	5.25	4.5	4.5	5.025	4.5	3.3333	3.25	3	4	22	24	21	26	27	7	25	16	4	172
1105	no	70	3	kozepiskola	3	70	3	2	3	3	4	3	3	3	2	4	2	4	5	5	5	2	4	2	2	2	2.3333	3	3.6667	2	2.75	2	2.25	2.375	2.125	2	1.5	1.3333	2.3333	6	18	6	15	13	0	18	21	10	85
1111	ferfi	20	0	kozepiskola	4	50	5	4	4	3	2	5	5	5	6	6	6	6	6	6	7	6	6	5.6667	5.3333	5.6	1.6667	4	5.6667	5.4	5	5.75	5.5	5.2	5.625	3.1667	3.75	1.6667	2.6667	20	30	22	28	26	8	19	20	5	168
1112	ferfi	42	2	foiskola	3	50	3	3	3	2	3	1	1	1	2	6	4	3	4	5	5	5	4	3.6667	4	5	2.3333	2.3333	3.3333	2	2	2.25	1.75	2	2	2.3333	3	2.3333	3	16	21	16	21	23	5	19	9	6	146
1113	ferfi	40	0	egyetem	3	70	4	5	3	4	2	4	1	1	1	7	6	7	7	7	7	7	7	5	3.6667	5.8	5.3333	5.3333	6	4.8	5.5	4.25	4.5	5.15	4.375	3.6667	3.75	3.6667	3.6667	25	21	24	25	29	7	22	6	0	187
1114	no	47	2	egyetem	3	80	5	4	5	4	2	6	5	5	2	5	6	5	6	7	7	6	6	4.6667	5	5.4	4.6667	4.6667	5	4.4	4.5	4	4.5	4.45	4.25	3.1667	3.5	3.3333	2.6667	21	23	25	20	21	8	25	13	6	164
1121	ferfi	44	0	foiskola	4	30	5	4	4	4	4	2	1	1	1	7	2	6	2	7	4	6	6	3.6667	2	5.6	5.6667	6	5.6667	2.6	5	1.75	2	3.8	1.875	2.5	3.5	3.6667	4	18	23	13	24	27	4	25	4	2	168
1122	ferfi	59	2	egyetem	3	70	4	5	4	4	3	4	4	3	3	6	6	6	6	7	7	7	7	5.3333	5.6667	5	4.3333	4	5	4.4	4.5	4.5	5	4.45	4.75	3.1667	3.25	3	3	25	27	26	27	26	9	24	11	1	192
1125	ferfi	44	3	egyetem	3	80	5	5	4	5	1	5	4	3	3	5	5	4	5	5	5	4	5	3.6667	4	4.2	5.6667	4.3333	3.3333	3.2	2.5	3	2.5	2.85	2.75	3.6667	3.75	2.6667	1.3333	23	26	25	25	23	8	24	8	2	184
1126	ferfi	50	2	kozepiskola	3	80	5	5	5	4	2	5	4	4	2	7	6	6	6	7	6	6	6	4	4.6667	5	3	4	5.3333	4.6	5	5	5	4.8	5	3.5	3	1.6667	3	24	26	27	26	24	8	23	12	8	178
1127	ferfi	52	3	foiskola	3	40	4	4	4	3	3	2	4	4	4	6	4	5	5	5	5	4	4	4	6	5.4	3	5.3333	4.6667	3.4	3.5	3	4.75	3.45	3.875	3	3	2.6667	2.3333	23	23	17	26	21	7	19	18	4	154
1129	ferfi	36	0	kozepiskola	3	30	3	3	3	3	4	3	3	3	3	4	4	4	4	4	4	4	4	3	3	3	4	3.3333	3.3333	3	3	3	3	3	3	2	2	3	3	15	15	15	15	15	5	14	15	5	114
1130	no	57	1	kozepiskola	3	50	5	5	5	5	3	2	2	2	2	5	5	6	6	6	6	6	6	4.3333	5.6667	5.4	3	4.3333	5.3333	4.2	4	4	4	4.1	4	3.6667	4	2.3333	3.3333	24	24	20	23	23	7	27	7	4	177
1131	ferfi	47	2	kozepiskola	3	40	3	4	2	2	4	5	4	4	6	5	3	2	6	6	5	5	4	4	5	4.2	3	2.6667	3	2.8	3.75	2.25	2.25	3.275	2.25	2.6667	2.5	2	1.3333	16	11	16	20	20	6	14	11	4	128
1133	ferfi	36	0	kozepiskola	3	40	3	3	3	3	4	3	3	3	3	3	3	3	3	3	3	3	3	3	3	3	4	3.3333	3.3333	3	3	3	3	3	3	2	2	3	3	15	15	15	15	15	5	14	15	5	114
1135	ferfi	55	3	kozepiskola	3	50	6	6	6	6	1	1	1	1	2	6	6	7	7	7	7	7	6	5.6667	4.6667	5.8	6	3.3333	5.6667	5.8	5.5	6	5.5	5.65	5.75	3.6667	3.5	4	4	25	28	24	26	24	9	28	6	0	198
1138	ferfi	58	2	kozepiskola	3	40	4	4	4	3	3	3	3	3	3	5	5	6	6	7	6	6	6	4	4	4.2	4	3.3333	4	4	4	4.5	4.75	4	4.625	2.8333	3	3	3	23	23	21	21	21	7	19	10	5	160
1139	ferfi	62	3	egyetem	3	50	3	5	4	3	2	2	2	2	1	7	7	7	7	7	7	7	7	6	3	5.8	5	5.3333	6	5.8	5.75	6	6	5.775	6	3.6667	4	3.3333	4	24	29	28	30	27	9	18	5	0	200
1140	ferfi	49	0	kozepiskola	3	80	4	5	4	3	1	2	2	3	2	5	6	6	6	7	7	7	7	5	4.6667	5.2	5	4.6667	4.6667	4.8	5.75	4.25	5.25	5.275	4.75	3.3333	3.25	3.6667	3.3333	27	27	26	25	25	9	23	6	1	195
1141	ferfi	55	2	kozepiskola	3	30	3	4	3	3	3	3	3	3	4	5	5	5	5	5	5	5	5	4.3333	4	3.6	4	4	4	4	3.5	2.75	2.5	3.75	2.625	3.6667	3	3	3	23	25	26	25	24	9	18	11	9	170
1142	ferfi	45	0	foiskola	3	60	5	5	4	4	3	3	1	1	1	5	2	5	5	5	6	7	7	4.3333	4.3333	5.4	5	5.3333	5.3333	4	4.25	1.5	2.5	4.125	2	3.6667	4	4	4	23	25	19	24	25	7	23	6	8	172
1145	ferfi	55	2	egyetem	4	70	5	5	5	5	2	1	1	1	1	7	5	6	4	6	6	6	6	5.6667	5.6667	2.8	4.3333	5	5.3333	5.2	4.75	4	3.25	4.975	3.625	2.5	2	3.3333	4	24	23	28	29	26	9	25	5	0	199
1147	ferfi	48	2	foiskola	4	70	5	5	5	5	3	2	2	2	2	6	6	6	6	6	6	6	6	5.3333	5	5.2	5	5	5.3333	5.2	5	5	5.5	5.1	5.25	3.5	3.25	3.3333	3	26	27	25	27	26	8	27	6	9	191
1149	ferfi	18	0	altalanos	3	60	4	3	5	5	5	4	3	3	2	2	4	4	3	3	3	5	3	2.6667	2.6667	3	4.3333	5	3.6667	1.4	2.5	4	4	1.95	4	1.3333	2.5	3.3333	1.3333	10	23	15	21	11	4	24	11	2	135
1150	ferfi	28	0	kozepiskola	3	40	4	1	5	3	4	3	5	5	1	4	1	5	3	4	5	4	3	1	3.3333	2.4	1	2.3333	2.6667	2.2	2.75	1.25	2	2.475	1.625	2.1667	2	1	2.6667	8	15	11	19	18	2	23	21	8	107
1151	no	34	0	egyetem	3	90	6	5	5	5	2	2	2	2	2	7	6	6	6	6	7	7	6	6	4.3333	6	6	6	5.3333	4.2	4.5	5	5.5	4.35	5.25	3.1667	4	4	4	24	22	23	25	23	8	28	5	1	187
1153	ferfi	56	2	kozepiskola	3	90	6	6	6	6	1	1	1	1	1	7	7	7	7	7	7	7	7	6	6	6	6	6	6	6	6	6	6	6	6	4	4	4	4	30	25	30	30	27	10	28	2	0	218
1158	ferfi	41	0	kozepiskola	1	90	2	2	2	2	3	5	3	5	6	5	5	6	6	5	5	5	4	4.6667	2.6667	3	5.6667	4	1	3.6	5.5	6	6	4.55	6	2.8333	2	3.3333	1.6667	26	24	30	28	21	10	19	20	3	175
1159	no	53	2	foiskola	3	60	3	5	3	4	3	3	2	3	2	5	5	7	6	6	6	5	5	4.6667	5.3333	4.6	4.3333	4.6667	5.6667	4	4.5	3.5	3.75	4.25	3.625	3.5	3.25	3.3333	2.6667	20	22	24	22	25	8	21	10	4	168
1161	ferfi	65	2	egyetem	3	90	5	4	5	5	2	4	1	2	1	6	5	7	6	6	6	6	6	5	5	5	6	5.3333	5	4.4	4.75	4	5.75	4.575	4.875	3.1667	3.5	3	4	20	26	19	25	28	7	28	6	4	183
1164	ferfi	46	0	foiskola	3	40	5	2	5	6	4	5	5	6	4	4	4	4	5	5	6	5	5	2	3.6667	3.2	2.6667	2.3333	4.3333	2.8	3.25	2.5	3.5	3.025	3	2.3333	2.5	1.3333	1	12	16	12	17	17	3	24	26	9	106
1165	ferfi	37	1	egyetem	4	50	5	3	5	5	4	3	5	5	1	5	2	4	2	7	4	5	5	3.6667	3.6667	4.6	3.6667	3	4	2.6	2.75	2	2	2.675	2	2.6667	3.25	2.3333	3	8	18	17	19	24	3	26	10	8	137
1169	ferfi	45	2	kozepiskola	4	70	5	5	4	6	2	1	1	1	2	6	6	6	4	6	6	6	5	5.3333	5.3333	5	4.3333	5	4.6667	5.8	5.5	4.75	3	5.65	3.875	3.8333	3.25	3.6667	3	26	21	30	28	23	9	23	8	0	192
1172	ferfi	37	0	foiskola	2	10	4	6	5	6	4	6	6	6	1	1	1	7	6	7	7	2	5	1.6667	6	5.2	4.3333	1.3333	5	3	3.5	1.75	2.25	3.25	2	2.1667	3.75	2.3333	2.6667	4	12	28	10	16	0	24	21	10	103
1173	ferfi	64	1	altalanos	3	50	3	3	2	2	3	2	2	2	3	1	1	1	1	1	1	1	1	1	1	1	6	2.6667	2.6667	1.2	1	1	1.25	1.1	1.125	1	1	4	4	6	8	8	5	8	2	10	6	2	79
1174	ferfi	45	2	kozepiskola	4	70	3	3	3	3	3	2	3	3	2	5	5	5	4	5	5	4	5	5	4	4.6	2.3333	3.6667	4.3333	3.6	3.75	3	3.5	3.675	3.25	3.1667	3.25	1	2.6667	22	22	28	24	22	8	17	18	0	165
1177	ferfi	47	1	kozepiskola	3	20	4	4	4	4	2	2	3	3	2	5	5	5	5	6	6	5	4	4	3.6667	3.4	2.6667	3	4.6667	3.2	4.25	4	4	3.725	4	2.3333	2	2.3333	3	15	26	21	23	19	6	21	16	1	154
1178	ferfi	46	3	foiskola	4	90	5	6	5	5	1	1	1	1	1	7	6	6	6	7	7	7	7	6	6	6	6	6	5.6667	5.8	5.5	5.75	6	5.65	5.875	4	4	4	4	29	29	29	29	29	10	26	2	1	218
1184	ferfi	51	0	kozepiskola	3	80	2	2	2	2	6	3	3	4	2	4	3	5	6	6	5	4	3	2.3333	2.3333	2.8	2.3333	3	4.6667	2.4	3	2	2.25	2.7	2.125	2	2	2	1.6667	11	13	9	14	19	3	11	20	1	99
1186	ferfi	42	2	foiskola	3	20	5	4	5	4	3	2	2	1	2	6	6	6	5	6	6	6	5	5	5	5	5.3333	4.6667	4.6667	4.8	5	2.25	4	4.9	3.125	3	3	4	3	23	25	25	26	24	8	27	10	1	187
1188	ferfi	60	4	kozepiskola	3	50	4	4	3	3	3	4	3	4	4	4	4	5	4	6	6	5	5	2.6667	3.3333	3.4	4.6667	4.3333	4	3.4	3.5	2.25	2.5	3.45	2.375	2.5	3.5	3.3333	2.6667	15	17	20	18	16	6	19	11	4	136
1189	ferfi	41	3	kozepiskola	3	50	4	4	4	4	3	3	3	3	1	6	5	5	4	6	6	5	6	4.3333	4.3333	4.2	4.6667	3.3333	3.6667	3.8	3.75	3.5	3.75	3.775	3.625	3.1667	3.5	3	3	18	16	22	24	21	7	21	9	2	158
1191	ferfi	52	3	egyetem	3	90	5	5	5	5	1	1	1	1	1	6	6	6	7	6	6	6	6	5	5.3333	5	6	5.3333	4.3333	5.6	5	4.5	5	5.3	4.75	3.5	3	4	4	28	26	26	19	30	9	29	1	0	206
1195	ferfi	48	3	egyetem	5	70	5	5	6	5	2	2	1	2	2	6	5	5	5	6	6	6	6	4.6667	3	4.8	5.3333	3.6667	5	4.2	4.75	3	3.25	4.475	3.125	3	3	3.6667	3.3333	24	17	25	22	23	9	30	10	2	178
1196	ferfi	50	3	kozepiskola	3	80	5	5	5	5	1	1	1	1	1	6	6	6	6	7	6	7	6	5.6667	4	5.2	4.6667	5.6667	4	4.6	4.25	4.75	5.25	4.425	5	3.5	4	3.3333	4	26	23	25	22	26	9	27	4	0	194
1200	ferfi	36	1	kozepiskola	3	40	3	3	3	2	5	4	4	4	2	3	5	6	2	5	3	2	2	2	3	2.8	2.3333	3.6667	3	3	2.25	3.25	1.75	2.625	2.5	2	2.25	2	1.3333	10	21	25	24	21	4	12	16	6	135
1203	ferfi	32	0	egyetem	3	50	1	3	1	1	3	3	3	3	2	1	2	2	1	5	2	1	1	3	3	2.8	1.3333	1.3333	2.3333	1	2	1.25	1.5	1.5	1.375	1.1667	2.25	1	1	14	16	8	9	15	3	11	15	10	91
1204	ferfi	49	2	kozepiskola	4	50	4	4	4	4	2	2	2	1	2	4	6	5	7	6	7	7	6	5.6667	4.6667	3.6	5	4.3333	3.3333	5.6	3.5	3.5	5.5	4.55	4.5	2.8333	3	3.6667	4	27	25	27	24	23	9	23	4	0	194
1205	ferfi	30	0	egyetem	3	80	4	4	5	5	2	1	2	1	1	7	6	6	7	7	7	6	5	4.6667	5.3333	5.4	3	1.6667	6	4.8	5	6	5.75	4.9	5.875	2.8333	3.5	2.6667	3	22	17	20	27	28	7	23	14	5	165
1206	no	42	0	foiskola	4	30	4	3	4	4	4	3	1	2	4	4	5	4	4	4	5	5	5	3.6667	4.3333	4.2	2.6667	3.6667	2.3333	3.2	3	3.75	4.25	3.1	4	3.1667	3.75	2.6667	2.3333	14	8	20	20	13	6	26	11	0	136
1209	ferfi	73	2	foiskola	3	80	2	4	2	2	2	2	2	3	3	4	5	7	4	3	6	3	4	5.6667	3.6667	4.6	2	3.3333	6	3.2	2.5	5	4.75	2.85	4.875	2.3333	3	2.3333	2.6667	15	29	21	28	17	10	10	6	1	163
1215	ferfi	73	2	egyetem	4	30	4	6	5	4	2	1	2	2	2	6	5	6	4	6	6	6	6	5.3333	3.3333	4.8	4.3333	4.6667	5.6667	4.6	4.5	3.5	3.25	4.55	3.375	3.3333	3	3.3333	4	27	22	22	26	23	9	25	6	2	186
1217	ferfi	31	0	egyetem	3	30	4	5	5	5	2	3	2	3	1	6	6	5	4	5	6	6	5	4.6667	4.3333	5.2	3.6667	4	5	4.6	4.25	3.75	5.5	4.425	4.625	3.6667	3.75	3.6667	3.3333	23	25	26	26	23	7	27	9	3	185
1218	ferfi	71	2	egyetem	3	30	5	5	4	5	1	1	1	1	2	7	6	7	6	6	6	7	7	5.3333	4.3333	5.6	3	3.3333	5.6667	5.2	5.25	5.25	4.75	5.225	5	3.1667	3.75	2.3333	3.6667	26	18	21	28	29	9	22	7	1	185
1219	ferfi	46	3	foiskola	4	40	4	3	5	5	4	3	3	3	4	6	5	5	5	6	5	6	5	3.6667	4.3333	4.2	4	3	4.3333	3.8	4.5	4.75	5	4.15	4.875	3.1667	3	2.6667	3.3333	20	23	19	22	20	5	23	7	7	158
1224	ferfi	57	2	foiskola	3	40	2	4	2	2	2	3	3	3	3	5	5	5	5	5	5	5	5	4.6667	4.6667	3.8	4.3333	4	4.6667	4	3.75	3.75	4	3.875	3.875	3	3.25	3	2.6667	23	28	26	26	26	9	12	12	1	177
1226	ferfi	27	0	egyetem	4	80	4	4	5	6	2	2	1	2	1	7	4	3	3	6	7	7	6	5.3333	5.6667	4.8	4.6667	5	2.6667	5.4	5.5	4.5	4.25	5.45	4.375	3.6667	3.25	3.6667	3	23	18	24	21	21	7	27	10	5	166
1228	ferfi	67	2	kozepiskola	3	90	4	5	4	5	2	1	1	1	1	6	6	7	6	6	7	7	7	4.6667	5	5.8	3.6667	3.6667	5.3333	5	5.25	5.5	6	5.125	5.75	3.8333	4	3.6667	3.3333	27	24	26	26	25	9	26	6	0	197
1229	ferfi	57	3	egyetem	3	80	4	5	4	4	2	1	1	2	2	7	6	7	6	6	7	7	7	5.6667	6	5.2	5.6667	5.3333	5.6667	5	5.25	5.25	5	5.125	5.125	3.6667	3.25	4	3.6667	24	22	24	26	23	8	19	8	2	176
1233	ferfi	53	2	kozepiskola	3	90	4	6	5	5	2	4	3	3	3	7	7	7	7	7	7	7	7	5.6667	5	5.2	5.6667	4	5.3333	5.6	5.5	6	6	5.55	6	3	3.5	3.6667	3.3333	26	28	23	28	27	9	25	13	0	193
1234	ferfi	78	1	egyetem	3	30	4	4	3	5	3	2	4	4	3	5	5	5	4	4	5	5	5	4.6667	3.6667	3.8	3.3333	3.6667	4.3333	4	4.25	4.25	4.25	4.125	4.25	3	2.75	3.3333	3	23	21	26	22	22	8	15	5	2	170
1236	ferfi	68	2	kozepiskola	3	80	6	6	6	6	2	1	1	1	1	6	6	7	7	6	7	6	7	5.3333	4.6667	5	4.3333	5.6667	6	5.2	5	4.75	5	5.1	4.875	3.1667	3.25	3.6667	4	16	27	23	23	27	10	30	2	0	194
1240	ferfi	63	2	egyetem	4	70	5	4	4	5	2	1	1	2	3	6	5	6	6	6	7	7	6	4.6667	4	5	4	4.6667	4.6667	4.4	4.75	3.75	5	4.575	4.375	3	3	3	4	25	14	20	28	28	8	22	9	7	169
1243	ferfi	61	4	kozepiskola	3	90	4	4	4	5	1	2	1	2	2	5	5	6	5	6	6	6	6	5	3.3333	5.4	5	4.3333	5.3333	4.2	4.5	3.75	3.5	4.35	3.625	3	3.75	3	2.6667	23	25	23	25	22	8	25	6	0	185
1246	no	61	2	kozepiskola	3	70	4	4	4	4	3	3	4	3	2	5	4	4	4	4	4	4	4	3	3	2.8	3	3.3333	3.6667	3.2	3.25	2.5	2.5	3.225	2.5	2	1.75	2.3333	3	20	23	22	23	21	6	23	12	6	160
1248	ferfi	32	0	kozepiskola	4	70	3	4	4	5	3	3	2	2	1	6	6	6	6	6	7	7	7	4.3333	5.3333	4.2	4.3333	4	4	4	4.75	3	3.75	4.375	3.375	3.3333	3	3	3	21	20	29	26	18	8	19	16	8	157
1251	ferfi	31	0	kozepiskola	4	60	3	3	4	4	3	3	3	3	5	5	5	5	4	5	6	6	6	3.3333	3	3.2	5.3333	2.6667	4	4.4	4.5	3	4	4.45	3.5	2.1667	1.5	4	4	20	13	16	17	12	7	17	15	6	121
1253	ferfi	60	2	egyetem	4	20	4	4	4	4	3	3	4	4	3	6	5	6	5	6	7	6	7	4.3333	2.3333	4.4	5	3.6667	4.6667	3.8	3.75	3.75	3.5	3.775	3.625	2.6667	2.75	3.3333	3.3333	22	23	20	21	24	5	16	4	0	167
1256	ferfi	42	0	kozepiskola	2	70	4	4	4	5	3	4	3	3	1	6	2	5	5	5	5	5	5	4.6667	5	5	4.3333	3	5.3333	3.8	3.75	4	4	3.775	4	3.1667	3.75	3	4	20	24	27	18	23	7	21	13	1	166
1257	ferfi	63	3	egyetem	3	40	5	4	5	4	4	3	2	2	1	5	6	6	5	6	6	5	6	4	3	5.4	5	4	5.3333	3.8	4.75	5	5	4.275	5	3	3.75	3.6667	3.6667	19	23	17	22	22	6	27	12	4	160
1258	ferfi	54	2	foiskola	3	70	6	5	6	6	1	2	2	2	2	7	7	6	7	7	7	7	7	5.3333	5.6667	5.8	5.6667	5.3333	5.6667	5.8	5.5	5	5.5	5.65	5.25	4	3.25	3.6667	4	28	29	28	30	27	9	30	4	0	217
1260	ferfi	65	2	kozepiskola	3	50	6	3	5	5	4	2	4	4	4	4	3	3	3	4	4	4	6	2.3333	4.6667	3.8	3.6667	3.6667	3	3.2	3.25	1.5	2.75	3.225	2.125	2.3333	3.5	1.6667	2.3333	20	14	24	20	23	6	27	11	7	156
1261	ferfi	45	0	kozepiskola	3	40	4	3	4	3	4	5	3	5	4	3	5	3	3	5	4	4	4	2.6667	4.3333	3	2.3333	3	4.6667	2.6	3	2	2.25	2.8	2.125	2.3333	2.25	2	2.6667	8	17	17	13	15	3	19	19	5	108
1262	ferfi	71	3	foiskola	3	50	5	6	6	5	2	1	1	1	5	7	7	7	7	7	7	7	7	5.3333	5.6667	5.8	6	5.3333	6	5	5.5	3	4.75	5.25	3.875	3.5	4	4	4	26	29	29	25	27	10	26	6	0	206
1263	ferfi	60	2	kozepiskola	3	70	5	4	5	5	3	4	3	3	3	6	3	6	4	6	6	6	5	4.3333	2.3333	3.4	5	2.6667	5.3333	3.2	4	3	3.25	3.6	3.125	2.8333	3	4	3	21	25	17	21	22	6	27	5	2	172
1264	ferfi	55	2	egyetem	3	70	5	5	4	5	2	3	3	3	1	6	6	6	6	6	6	5	6	4	4	4.8	3.3333	4	4.6667	4.2	4.75	4.25	4.75	4.475	4.5	2.8333	3	2.3333	3.6667	21	25	24	25	24	8	24	10	1	180
1270	ferfi	57	2	kozepiskola	3	90	3	3	3	3	3	3	3	3	3	6	5	5	5	6	6	5	6	4.3333	5.3333	4.4	1.6667	3	5.3333	4.2	4	4	4	4.1	4	2.6667	3.25	1	2	18	25	24	23	28	9	13	18	3	159
1271	ferfi	73	4	foiskola	3	90	4	5	5	5	2	2	1	1	1	5	4	5	4	6	6	6	6	4	4	3.6	4.3333	4	4	5.2	3.5	2.5	2.75	4.35	2.625	2.6667	2.75	4	3	25	25	23	21	18	9	16	4	0	173
1272	ferfi	30	1	foiskola	4	30	3	4	3	3	3	3	3	3	3	6	6	6	6	6	6	6	6	4.3333	4.6667	4.8	2.3333	3.6667	3.6667	3.8	4.25	4	4	4.025	4	3.3333	4	1.6667	1.3333	21	18	26	25	22	9	13	7	7	160
1273	ferfi	46	1	kozepiskola	3	40	5	4	4	5	4	5	4	5	5	4	4	5	4	4	4	4	4	3.6667	4.3333	3.8	4.6667	2.6667	4.6667	3	3.5	3	3.5	3.25	3.25	2.1667	3	3.3333	3	14	22	21	17	18	7	23	14	4	144
1278	ferfi	65	3	foiskola	3	80	4	4	3	2	4	6	5	5	5	6	5	6	3	7	3	2	3	3.3333	4	4.8	2.3333	1.3333	5.3333	3.2	5.5	1.75	1.75	4.35	1.75	1.8333	3.75	1.6667	2	20	27	25	27	26	9	22	27	3	166
1279	no	50	3	foiskola	4	50	4	5	5	4	3	2	2	2	1	7	7	7	7	7	7	7	6	6	5.6667	5.8	3.6667	4	6	5.8	5.75	5.5	4.5	5.775	5	3.6667	4	3	3.6667	27	29	29	28	28	10	25	7	0	209
1283	ferfi	60	2	kozepiskola	3	70	4	5	5	4	2	1	1	1	1	6	5	5	6	6	6	7	6	5.6667	5.3333	4.4	3	4.3333	5	5.2	5	4.25	4.25	5.1	4.25	3.5	3.75	2.3333	3.6667	24	22	24	23	23	8	20	2	1	181
1284	ferfi	66	8	egyetem	3	50	5	4	4	5	2	3	2	2	1	7	7	7	6	6	6	3	5	5.3333	6	4.8	3.3333	5.6667	6	4.2	4.75	4.5	3.75	4.475	4.125	3	2.75	2.6667	3.3333	21	23	29	24	17	9	25	3	0	185
1287	ferfi	42	0	egyetem	3	80	5	4	6	6	2	1	1	1	1	6	4	5	6	6	7	7	5	5.6667	6	5.2	5.6667	5.3333	4	4.2	4.25	3	3.25	4.225	3.125	3.3333	4	4	3	24	20	24	22	24	7	28	3	5	181
1289	ferfi	67	3	foiskola	4	50	4	4	5	4	4	2	1	1	5	5	4	4	4	4	4	5	4	4	4.6667	3	4.3333	3.3333	4.3333	3.4	3.25	1.5	1.75	3.325	1.625	2.5	2.5	3.3333	2.3333	21	21	23	20	19	7	26	5	0	172
1291	ferfi	59	0	kozepiskola	1	50	4	3	4	5	3	3	2	2	1	2	5	4	4	2	6	5	4	3	3	4	3	4	3.3333	2.6	3	3.25	3.25	2.8	3.25	2.3333	2	2.6667	3	14	18	12	14	13	2	18	10	8	113
1295	ferfi	34	0	egyetem	3	90	4	5	5	5	3	1	1	2	1	7	6	7	7	7	7	7	7	5.3333	6	6	5.3333	5.6667	6	5.4	5.5	5.25	6	5.45	5.625	3.8333	4	3.6667	3.6667	27	23	26	29	27	9	26	6	7	194
1296	ferfi	31	0	kozepiskola	3	70	4	4	4	3	4	4	2	3	5	4	4	5	7	6	6	5	5	4	4	3.8	2.6667	2.6667	3.3333	3.8	4	4.25	4	3.9	4.125	2.6667	3	2.3333	2	18	20	20	23	22	6	14	20	9	134
1301	ferfi	53	1	kozepiskola	3	70	5	4	4	5	2	3	3	3	4	6	6	6	6	6	6	6	6	5	5	4.8	2.3333	4.3333	4.6667	4	4	4	4	4	4	3.1667	3.5	2.3333	3.3333	24	25	27	27	26	10	25	18	0	186
1303	no	53	3	foiskola	3	60	5	4	5	5	3	4	2	2	2	6	6	6	6	6	6	6	5	4.6667	5	5	3.3333	4.6667	4.6667	4.4	4	4.25	4.25	4.2	4.25	3.3333	3	4	3.3333	20	20	19	22	22	7	26	11	6	159
1305	no	45	2	kozepiskola	3	80	5	6	5	5	1	2	1	1	1	7	6	6	7	6	7	7	5	6	4.3333	4.6	6	5.3333	5.6667	5.8	5.5	5	5.25	5.65	5.125	3.5	3	4	3.6667	29	28	22	25	28	10	28	5	0	205
1308	ferfi	48	2	altalanos	3	20	1	1	1	1	4	5	5	5	4	4	4	6	6	7	6	3	5	2.6667	2.6667	4	1.6667	2.6667	4.6667	2.2	3	1.75	1.75	2.6	1.75	2.1667	2.5	1.6667	3	6	15	18	18	21	2	14	27	5	102
1310	ferfi	50	2	foiskola	3	90	5	5	6	6	2	1	1	1	1	6	6	6	7	5	7	7	7	5.6667	4.3333	5.6	6	5.6667	5.6667	4.4	5	5	5.25	4.7	5.125	3.6667	3.75	4	4	27	28	26	28	28	9	29	6	3	206
1312	ferfi	64	2	kozepiskola	3	50	3	2	2	3	3	4	2	2	1	5	2	3	4	4	3	3	4	2.6667	4.3333	4.4	5.3333	2	5	2.2	3	3.5	4.25	2.6	3.875	2.5	2.75	3.6667	2.6667	16	17	14	16	16	5	11	12	7	116
1313	no	33	0	egyetem	3	70	5	5	5	5	2	3	2	2	2	7	5	6	7	6	7	7	6	6	6	5.6	4	4.3333	5	5.4	5.25	4.75	6	5.325	5.375	3.3333	3.75	3	3	24	25	22	28	25	8	27	12	4	183
1314	ferfi	58	3	altalanos	3	80	5	4	6	5	2	1	1	1	2	4	4	5	4	5	6	6	5	4.6667	4	4	4.3333	3.6667	4.6667	4	4	2.5	3.25	4	2.875	3.6667	3.5	4	2.6667	23	16	29	26	25	9	26	5	0	189
1315	ferfi	18	0	kozepiskola	4	60	4	5	5	5	2	2	3	3	1	6	7	5	5	5	6	7	5	5.3333	4.6667	4	2.6667	2.3333	4.3333	4	4.75	4.5	2.5	4.375	3.5	3.1667	3	2.6667	4	23	23	26	28	23	8	23	8	3	183
1319	no	39	0	egyetem	3	20	4	2	3	3	5	5	5	5	5	2	2	3	3	3	3	2	2	2	3	2.6	3.3333	3.3333	3	2	2.75	2	2.75	2.375	2.375	2	2.25	2	2	10	13	7	11	11	3	16	17	8	86
1320	ferfi	68	2	foiskola	3	60	4	5	4	4	3	5	4	3	4	5	4	6	6	5	5	5	5	4	4	4	4.3333	4.3333	4	4.2	4.25	4.25	4.5	4.225	4.375	2.5	3	3	3.3333	21	19	27	23	22	8	23	9	2	172
1324	no	50	2	kozepiskola	3	50	5	2	2	5	3	5	2	5	2	6	4	5	5	5	5	6	6	3.3333	3.3333	3.8	4.6667	4.3333	4	3.4	4.25	3.75	4.25	3.825	4	2.3333	2.5	2.3333	3	18	19	23	24	23	7	24	19	7	152
1325	ferfi	57	3	kozepiskola	3	40	6	3	6	6	3	3	4	5	4	4	4	3	3	4	4	3	5	3.3333	4.3333	2.6	1	1.6667	2	3	2.5	1.25	1.5	2.75	1.375	1.3333	2	1	2.3333	14	13	26	17	18	7	28	21	8	134
1326	ferfi	54	1	foiskola	3	50	4	4	4	4	2	2	4	4	2	6	5	6	5	7	5	6	5	4.6667	4	4.4	1.6667	4.6667	5	3.4	3.5	4.25	4.5	3.45	4.375	2.5	2.5	1.3333	3.6667	21	25	25	24	23	7	22	16	8	163
1329	ferfi	50	3	kozepiskola	4	40	3	1	3	3	5	4	5	6	4	6	4	6	6	6	6	5	6	2.6667	3.3333	5.2	3	2	5.3333	3	3.75	5	4.25	3.375	4.625	2.6667	3	2	3	13	18	19	17	17	2	15	21	7	113
1331	ferfi	54	2	foiskola	3	40	4	4	4	3	2	4	3	3	3	6	6	7	5	6	6	6	6	5.3333	5	5	5.3333	5	5.3333	5.2	4.75	5.75	5	4.975	5.375	3.5	3	3.3333	4	25	25	28	26	23	9	19	7	0	188
1332	ferfi	40	2	egyetem	3	70	3	3	4	4	2	5	3	4	1	5	5	4	4	5	6	6	5	4.3333	4.6667	3.8	3.6667	4	4	3.6	3.5	2.5	2.25	3.55	2.375	2.6667	2.5	2.3333	2.3333	19	13	24	19	16	8	18	16	3	138
1333	ferfi	64	2	kozepiskola	3	40	4	4	3	4	2	1	1	1	4	7	6	7	5	6	5	5	6	4.3333	4.6667	4.8	5	4	5.3333	4	4	4.25	4.5	4	4.375	3.6667	3.5	3.6667	4	23	26	26	22	24	8	20	5	0	184
1338	ferfi	72	2	kozepiskola	3	50	4	4	4	4	2	3	4	4	4	5	6	6	7	6	7	6	7	2.6667	3.6667	4	5	4.6667	4.6667	5.4	4.75	6	6	5.075	6	2.8333	3	2.6667	3.3333	23	23	28	22	20	10	21	10	1	176
1341	ferfi	33	1	kozepiskola	3	40	5	4	6	6	3	5	4	3	1	6	6	5	6	7	6	6	6	4.3333	4.6667	4.2	4	5.6667	4	4.4	4.75	4	2	4.575	3	2.5	3.25	3	3.6667	20	24	24	24	24	8	25	13	2	174
1343	no	53	1	foiskola	3	60	4	4	4	6	3	3	2	2	2	5	4	6	6	5	5	4	5	4	4	4.4	3.3333	3.6667	4.3333	3.8	3.75	3.25	4	3.775	3.625	2.6667	3	3	2.3333	17	20	22	22	23	6	23	17	3	153
1345	ferfi	38	4	kozepiskola	3	40	4	3	4	5	4	3	4	4	2	5	5	5	5	5	5	5	5	5	5.6667	5.2	2.3333	4.3333	4	3.6	5.25	4.75	4	4.425	4.375	3.1667	3	1	2.3333	19	27	18	25	27	8	25	20	9	160
1349	ferfi	37	2	egyetem	4	30	5	5	5	5	5	2	2	2	2	6	5	6	6	6	6	6	6	5	3.3333	4.6	4.6667	4.3333	4	5	5	5	5	5	5	3	3	2.3333	2.6667	19	18	19	20	23	7	20	14	7	145
1350	ferfi	37	2	foiskola	3	90	4	4	4	5	2	1	1	1	1	6	6	6	6	7	7	7	6	4.3333	3.6667	4.6	3	3	5	5	5	5	5.25	5	5.125	3.1667	3.75	2.3333	3.6667	22	27	26	25	23	8	25	11	2	183
1351	ferfi	43	1	egyetem	3	10	4	3	3	4	5	1	1	5	4	5	5	4	5	5	5	6	5	2.6667	3.6667	4.2	6	2	5.3333	2	3.75	2	2.75	2.875	2.375	2.3333	3	3.3333	2.6667	21	25	25	21	26	2	19	9	8	162
1356	ferfi	62	3	foiskola	3	70	4	6	3	4	1	5	5	3	6	6	6	7	7	7	7	7	7	4.6667	4	4.8	4.3333	5	4.6667	4.2	4.5	4.25	4	4.35	4.125	3.6667	3.5	3	3	21	25	19	27	25	8	25	9	1	180
1357	ferfi	33	3	kozepiskola	3	60	6	4	5	6	3	4	3	3	2	4	5	4	5	6	6	5	6	4	2.3333	4	4.3333	3.3333	4.3333	4.2	4.25	3.5	3	4.225	3.25	2.1667	2	4	2.6667	21	24	28	26	24	9	29	19	7	175
1359	ferfi	86	2	egyetem	3	40	2	3	3	2	3	2	2	2	2	6	6	6	2	6	5	3	6	3.6667	2.3333	4.4	3.6667	3.3333	6	3.6	4.25	6	5.25	3.925	5.625	2.6667	3.5	2.3333	2.6667	19	27	28	28	23	8	19	12	0	180
1360	ferfi	66	3	kozepiskola	3	70	5	5	5	6	2	2	2	2	1	6	6	6	6	6	6	6	6	5	5	5.2	4.3333	4.3333	4.3333	4.6	4.75	3.5	4	4.675	3.75	3.6667	4	3	3.3333	27	14	24	27	27	9	28	8	2	186
1361	no	63	2	kozepiskola	3	50	4	6	4	3	3	1	1	2	1	4	7	5	5	7	5	5	6	4.6667	4.3333	5.6	5.3333	5.3333	6	3.2	4.75	3.5	4.5	3.975	4	3.3333	3.75	3.6667	4	25	27	23	21	16	5	15	9	0	163
1364	ferfi	40	2	kozepiskola	5	70	6	6	6	6	1	5	2	2	1	7	7	7	7	7	7	7	7	6	6	6	3	5.3333	5	5.8	6	6	6	5.9	6	3.8333	4	2.3333	4	29	28	28	30	27	10	30	6	0	216
1365	no	63	2	kozepiskola	2	90	3	4	4	4	2	1	1	1	3	6	6	6	7	6	6	6	6	4.6667	5	4.6	4.6667	4	3.6667	4.8	5	5	5.25	4.9	5.125	3.8333	3.25	3.6667	2.3333	26	21	13	23	26	8	26	11	1	171
1369	ferfi	67	2	foiskola	3	60	3	4	3	3	2	1	1	1	1	5	5	5	5	5	5	5	5	3.6667	4.3333	4.4	5	3	5	3.6	3.25	3	3.25	3.425	3.125	3.1667	2.75	4	4	19	24	13	22	20	6	16	6	8	146
1371	ferfi	28	0	kozepiskola	3	20	5	4	5	5	3	1	2	2	1	5	7	2	4	7	4	6	4	3.3333	5.3333	4.6	4	6	3	3.2	4.5	3.25	3	3.85	3.125	2.5	3.25	3	2.3333	13	9	24	17	22	5	27	6	0	151
1374	no	42	0	kozepiskola	3	40	4	4	4	4	4	4	4	4	5	6	4	5	5	5	5	5	5	3.6667	4	4	4	3.6667	3.3333	3.6	4	4	4.5	3.8	4.25	2.8333	2.75	3	3	18	22	15	21	20	6	21	16	5	142
1378	ferfi	51	3	kozepiskola	2	40	4	4	4	5	3	5	4	5	5	6	6	7	6	7	7	7	7	5	5	4.4	6	5.3333	5	4.8	5.5	4.25	5	5.15	4.625	3	3	3.6667	3	22	28	26	21	19	7	18	9	4	168
1384	no	56	0	kozepiskola	3	60	3	3	3	3	4	3	3	3	3	5	3	4	4	5	5	3	4	3	4	4.6	1	3.3333	3.6667	3	3.25	2.5	2.75	3.125	2.625	2	3	1.6667	1.3333	13	15	11	13	21	4	18	18	8	109
1388	ferfi	55	2	egyetem	2	80	4	5	5	4	2	1	1	2	1	7	6	7	7	7	6	7	6	5	4.3333	5.4	3.3333	3	5.6667	4.2	4.75	5.25	6	4.475	5.625	2.6667	3.5	3.3333	3	21	28	26	30	24	8	21	5	0	193
1393	ferfi	48	2	kozepiskola	4	80	4	4	4	3	1	6	5	5	1	6	5	5	6	6	6	7	7	5.3333	4	5.2	4	4	3.6667	3.8	4.25	4.75	5.25	4.025	5	3	3	2.6667	3.6667	23	20	23	29	27	9	23	12	5	177
1396	ferfi	39	0	egyetem	3	80	3	4	2	2	3	2	1	2	1	5	5	4	6	6	6	7	5	3.6667	4.3333	4.6	3.6667	3	4.3333	3.4	3.75	4.75	5.5	3.575	5.125	2.8333	3.75	3	2.3333	19	25	19	20	24	5	16	7	8	153
1397	ferfi	54	1	kozepiskola	3	50	4	3	4	4	3	6	3	3	3	5	6	7	7	7	5	4	6	4.3333	4.6667	4.2	3.3333	2.6667	5.6667	3.6	3.5	3.75	5.25	3.55	4.5	2.6667	3.25	3	2.6667	14	13	28	23	15	9	17	12	0	147
1403	no	51	2	foiskola	4	20	4	2	4	4	5	5	5	5	5	4	3	6	7	6	6	3	4	2.3333	4	4.4	4	4.3333	5.3333	2.8	2	3	1.75	2.4	2.375	2.3333	3.25	2.3333	2.6667	16	23	15	16	15	5	20	17	6	127
1410	ferfi	68	2	kozepiskola	2	40	3	3	3	3	4	3	3	3	2	3	3	4	4	4	4	4	4	3	3.6667	3.2	4.3333	4	3.3333	3	3	3	3	3	3	2.1667	2.5	3.3333	2.6667	14	17	15	15	15	5	15	17	6	113
1415	no	42	3	altalanos	3	20	3	5	2	3	3	4	4	4	2	6	6	6	6	4	5	6	5	5.3333	5	4.6	4.6667	4	4	4.4	4.25	3.75	5.5	4.325	4.625	2.8333	3.5	3	2.6667	22	21	22	23	24	8	19	10	2	167
1416	ferfi	49	2	kozepiskola	4	80	6	5	6	6	1	2	2	2	1	7	5	6	6	6	6	7	6	5.3333	4.3333	4.8	5.3333	4	3.6667	4.6	5	4.5	5.75	4.8	5.125	3.5	3.5	3.6667	4	26	20	13	27	27	8	28	15	5	169
1417	no	60	2	foiskola	4	60	5	6	6	6	1	2	2	1	1	6	7	7	7	7	7	7	7	6	5	5.2	5.6667	4.6667	5.3333	5.8	5.75	6	6	5.775	6	3	3.5	3.3333	4	27	25	29	26	23	10	28	5	0	203
1420	ferfi	50	2	foiskola	4	90	4	4	5	5	2	2	1	1	1	6	6	6	5	6	7	7	7	5	4.6667	4.8	3.6667	4.6667	5.3333	5.2	5.25	4.5	4.75	5.225	4.625	3.5	3.5	4	3	26	24	21	24	26	8	24	5	0	188
1422	ferfi	45	3	foiskola	4	90	5	5	5	5	2	2	2	2	2	6	6	6	6	6	6	6	6	5	5	4.8	5	5.3333	5.3333	5	5	5	5	5	5	3.6667	3.5	3.3333	3.3333	27	22	20	26	26	9	25	4	1	190
1426	ferfi	62	4	egyetem	3	70	2	4	2	3	3	2	2	2	2	6	6	6	6	6	5	6	6	4.3333	4.6667	6	3.3333	4	5.6667	4.4	4.75	5	5	4.575	5	3.6667	4	2.6667	2.3333	24	25	23	24	25	8	12	7	4	170
1427	ferfi	67	1	kozepiskola	3	50	4	5	4	3	3	2	2	2	2	5	6	7	7	7	7	7	7	5	5	4.2	4.3333	3.6667	5.6667	4.8	4.5	5	6	4.65	5.5	3.6667	3	3.3333	2.3333	26	28	25	25	17	6	20	5	1	181
1429	no	39	1	kozepiskola	3	60	2	3	3	2	3	3	2	2	1	4	4	5	5	6	6	6	7	4.6667	4.6667	5.2	2.3333	4	5	2.8	5.5	4.25	5	4.15	4.625	3.3333	3.75	2	2	7	26	21	26	25	9	20	9	1	164
1432	ferfi	47	4	kozepiskola	3	50	4	4	4	4	3	2	2	2	2	6	6	6	6	6	6	6	6	5	5	4.4	6	5.3333	5.3333	3.8	4	3.5	4	3.9	3.75	3.6667	3.5	4	4	26	27	25	27	27	8	27	3	5	199
1433	ferfi	73	3	egyetem	3	50	3	5	3	3	2	2	1	1	1	6	6	6	6	5	6	5	5	5	4.6667	4.8	4	4.3333	5	5.2	4.5	5	4.75	4.85	4.875	3	3.25	2.6667	2.6667	24	27	23	27	24	9	17	8	1	182
1435	ferfi	39	3	kozepiskola	3	90	4	6	5	5	1	1	1	1	1	6	6	7	7	7	7	7	6	6	5.3333	4.8	5.3333	5	5.3333	5.8	5.75	2.75	3.25	5.775	3	3.5	3.5	3.6667	3.6667	28	21	27	29	27	10	20	4	0	198
1437	ferfi	52	3	foiskola	3	70	4	5	4	4	2	2	2	2	2	6	6	6	6	6	6	7	6	5	4	4.4	5	4.3333	4.3333	5	5	5	5.25	5	5.125	3	3	3.6667	3.6667	24	21	22	24	22	9	23	6	1	178
1442	ferfi	58	2	foiskola	3	50	2	4	2	2	3	4	4	4	4	5	6	4	5	5	5	5	4	4.3333	4.6667	4.2	4.3333	4	4	4.2	4	5	4.25	4.1	4.625	3	3	3	2.6667	22	18	25	24	20	8	6	7	9	147
1443	ferfi	43	4	foiskola	3	80	NA	NA	NA	NA	2	2	2	2	2	5	5	5	5	5	5	5	5	4	4	4	5	4.3333	4	4	4	4	4	4	4	3.8333	3.75	3	2.6667	24	21	20	18	24	8	24	5	1	173
1447	ferfi	55	2	foiskola	3	50	5	5	5	4	2	2	1	1	2	5	4	5	5	5	5	5	4	5	5	5	4.3333	4.6667	4.6667	3.8	3.5	3.5	3.5	3.65	3.5	3.3333	3.5	3.3333	3	25	19	19	23	22	7	23	9	2	167
1451	ferfi	69	3	egyetem	3	30	3	3	3	3	4	2	2	2	1	2	3	3	2	4	3	2	2	1.6667	2	2.2	3	3.3333	2.3333	2	1.75	1.25	1	1.875	1.125	1.1667	1.25	2	1.6667	16	16	16	17	21	4	20	22	8	120
1453	ferfi	72	1	foiskola	3	10	4	4	3	1	4	6	6	6	6	4	3	5	5	5	3	2	6	2	3.3333	3.6	1.3333	3.6667	5.3333	2.8	3	3.5	4.25	2.9	3.875	3	2.5	1.3333	2.6667	10	21	15	23	13	2	21	20	5	120
1455	ferfi	48	3	kozepiskola	3	50	5	5	5	5	1	2	2	2	1	6	5	6	7	7	6	7	6	5.6667	6	5.8	5	5	5.3333	4.8	5	5.5	5.75	4.9	5.625	3.3333	4	3.6667	3.6667	24	24	21	23	28	8	24	3	1	188
1467	ferfi	51	3	egyetem	3	60	4	4	3	4	4	3	2	2	2	6	5	6	6	6	7	7	6	5	5	4.2	2.3333	3.6667	4.6667	4.8	4.75	5.25	4.75	4.775	5	3	2.75	2.6667	3	23	25	25	26	27	8	21	7	2	186
1470	no	49	1	foiskola	3	20	4	4	4	4	2	2	2	2	2	5	5	5	5	6	5	5	3	5	4.3333	5	4.6667	3.3333	5	4.2	4.5	3.75	4.25	4.35	4	2.8333	3	3	2.6667	24	21	23	25	23	8	25	6	2	181
1474	ferfi	70	2	egyetem	3	50	4	4	4	3	5	2	2	2	3	6	4	6	6	6	6	6	6	5	4	4.4	5.3333	4	5.3333	4.4	4.75	4	4.25	4.575	4.125	3	3.25	4	3.3333	22	27	22	24	24	7	22	5	2	181
1476	ferfi	52	2	foiskola	4	60	4	4	4	4	2	3	3	3	2	6	6	5	5	6	6	5	5	5	4.3333	5	5.3333	4.6667	5.3333	4.2	4.25	4.75	4.75	4.225	4.75	3.1667	3	3.6667	3.6667	24	23	21	25	23	8	24	5	2	181
1478	ferfi	55	3	egyetem	2	60	3	4	2	2	3	4	3	3	2	3	4	6	5	4	4	3	4	4	3	3.6	4.6667	1	5	2.8	2.25	2.75	2.5	2.525	2.625	1.6667	1.75	3.3333	2	15	22	22	13	16	6	18	12	9	131
1480	no	47	0	foiskola	3	20	4	2	4	5	5	6	6	6	6	4	4	4	5	5	5	4	2	3.6667	3	3.4	1.6667	3.3333	3	2.8	3.25	2.75	4.25	3.025	3.5	2.1667	2	2.3333	1.6667	15	21	16	18	18	3	23	23	9	122
1484	ferfi	49	3	kozepiskola	3	60	5	5	5	5	2	2	2	2	1	6	6	6	6	6	7	6	7	5.3333	6	5	3.3333	4	5.3333	5.2	4.5	3	3.75	4.85	3.375	3	3.75	3	3.6667	22	16	18	25	24	9	26	11	0	169
1485	ferfi	78	2	egyetem	3	30	4	2	2	4	4	3	1	1	1	3	4	4	4	5	4	2	6	2	4	3.4	1.6667	2.3333	3.3333	2.4	2.75	3	3.5	2.575	3.25	2	2.25	1	2	8	15	10	16	11	3	16	8	2	109
1486	ferfi	37	2	kozepiskola	4	60	4	4	4	4	3	2	1	2	1	6	4	4	4	4	5	7	6	3.6667	3.3333	5.8	3.6667	4	3.3333	3.8	4.25	3.25	5.75	4.025	4.5	3.5	3.25	3.3333	3.3333	18	16	22	24	25	5	25	3	0	172
1487	ferfi	43	1	kozepiskola	3	90	4	4	5	5	3	1	1	1	1	6	5	6	7	6	6	6	6	4	3.3333	4.2	5.6667	3.6667	5	4.2	4.25	4.75	4.75	4.225	4.75	2.3333	3	4	3.3333	21	26	10	21	24	5	24	10	5	156
1490	ferfi	31	0	kozepiskola	3	70	4	4	4	4	2	2	2	2	2	5	5	5	5	5	5	5	6	5	5	5	2.6667	4.3333	4	4.4	4.25	4.25	4.75	4.325	4.5	4	4	2.3333	1.6667	24	18	29	25	22	8	24	10	3	177
1494	ferfi	65	2	egyetem	3	80	3	5	4	2	2	2	2	2	2	5	4	6	3	5	5	5	5	5.3333	5.3333	4	5	4.3333	5.3333	4.8	4	3.5	3.5	4.4	3.5	3	2.5	3.3333	3.3333	24	24	19	20	23	8	12	6	0	164
1495	ferfi	44	1	altalanos	3	50	4	4	4	4	3	4	3	3	4	4	4	4	4	4	4	4	4	3.6667	3	2.8	5	4	4	3.8	4	4.5	4.75	3.9	4.625	2.5	2.25	3	3	26	27	24	26	26	8	27	11	8	185
1498	ferfi	48	1	kozepiskola	3	70	4	4	4	5	1	1	1	1	1	7	7	7	4	7	7	7	7	6	6	5.6	1	5.6667	5.3333	6	5.5	4	4.5	5.75	4.25	4	3.75	2.6667	4	29	19	28	28	25	10	24	0	0	203
1501	ferfi	51	5	foiskola	4	70	5	5	5	5	2	2	2	2	1	6	6	5	5	6	6	6	6	5	4	4.2	4.3333	4	5.3333	4.2	4.25	4.25	4.5	4.225	4.375	3.3333	3.25	3.3333	3.3333	26	24	25	27	27	8	27	9	2	193
1506	ferfi	36	0	kozepiskola	3	80	5	4	4	5	3	2	2	3	2	6	5	6	6	6	5	5	4	4	4.6667	3.8	3.3333	3.3333	4.3333	3.2	3.5	3.25	3.25	3.35	3.25	2.6667	3	3	2.6667	20	23	21	21	22	7	24	17	6	155
1507	ferfi	71	1	kozepiskola	3	40	3	3	4	4	5	3	3	3	2	3	4	3	3	3	3	2	3	3	2.6667	2.2	2.6667	3	3	2.4	2	2.5	1.75	2.2	2.125	1.8333	2	1.6667	2.6667	8	11	18	9	11	4	14	18	2	95
1510	ferfi	56	2	foiskola	3	90	3	6	3	2	2	1	1	1	1	5	5	5	6	6	7	7	5	6	6	5.2	4.6667	4.6667	5.6667	4.6	4	3.25	4	4.3	3.625	3.6667	2.75	3.6667	3.6667	27	29	29	29	26	9	20	5	1	203
1511	ferfi	52	1	egyetem	4	90	6	6	6	6	1	1	1	1	1	7	7	7	6	7	7	7	7	5.6667	4.3333	6	5.3333	5.3333	6	6	6	5.5	5.75	6	5.625	4	4	4	4	27	26	28	29	27	10	29	4	0	212
1514	ferfi	63	3	egyetem	3	80	4	5	4	4	1	2	1	1	1	7	7	7	6	7	7	6	7	6	5	5.2	5.3333	4.3333	5.3333	5.2	5.25	5	5	5.225	5	3.5	3	3.6667	4	26	27	28	28	26	10	23	4	0	204
1515	ferfi	26	0	egyetem	4	70	4	3	5	4	2	2	1	2	4	7	7	5	5	5	7	7	7	4.6667	4.3333	4.2	4.3333	2	3.6667	4	5	6	5.5	4.5	5.75	3.1667	3.25	3	2.6667	22	22	30	28	22	8	22	16	4	174
1516	ferfi	28	0	kozepiskola	3	60	4	3	4	4	3	2	2	2	1	5	5	5	5	6	6	4	4	4	3.3333	4.8	1.6667	2	4.3333	3	3.75	2.75	2	3.375	2.375	2.3333	3.25	1	2.3333	14	14	23	18	20	7	24	14	2	144
1518	ferfi	50	2	egyetem	3	40	5	5	5	5	4	4	4	4	5	7	6	6	5	5	6	5	5	5.3333	4.6667	4.8	3.6667	3.3333	6	5.2	5	5.25	5.25	5.1	5.25	3.1667	3	3	3.6667	25	24	28	27	26	9	23	7	1	194
1521	no	42	2	kozepiskola	4	70	5	5	5	5	1	3	3	3	2	6	6	6	6	6	7	7	6	5	4.6667	4.8	3.6667	4.3333	5.3333	5	4.5	4.25	5	4.75	4.625	3.1667	3	3	3	25	25	25	28	22	8	24	12	0	185
1523	no	70	2	kozepiskola	3	50	3	3	3	4	2	4	1	2	1	6	6	6	6	6	6	6	6	3.6667	3.6667	3.2	5	4.3333	3.6667	4	4	3.75	4	4	3.875	3.5	3.75	2.6667	2.6667	27	20	27	22	28	9	27	6	0	194
1524	no	47	0	foiskola	4	70	5	6	6	5	2	2	1	2	1	7	7	6	6	6	7	7	7	6	6	5.2	4	5	5.6667	5.6	5.75	5.5	5.75	5.675	5.625	3.8333	3.5	2.6667	3	28	22	29	27	24	10	28	10	0	198
1530	ferfi	65	2	foiskola	4	70	4	5	3	5	2	2	4	4	5	6	6	6	7	7	7	6	6	5	4.6667	5.4	2.3333	5.3333	5	4.6	5.25	6	5.75	4.925	5.875	3.3333	3.5	2	3.6667	27	28	26	28	27	9	25	10	8	192
1533	ferfi	60	3	egyetem	3	40	4	4	3	4	3	2	2	2	3	5	6	5	5	5	5	5	5	4	3.6667	3.8	4.3333	3	3.3333	4	3.75	4	4	3.875	4	2.8333	3	3	3	21	21	24	21	20	7	19	9	3	161
1538	ferfi	60	1	egyetem	1	50	3	NA	4	2	2	2	2	3	3	6	6	6	6	5	6	6	6	4.6667	4.3333	5.8	4.3333	4.3333	5.6667	3.2	4.25	4.25	4.25	3.725	4.25	3.5	4	3.3333	3.6667	19	27	29	26	24	8	23	7	1	188
1541	ferfi	36	1	kozepiskola	4	80	4	3	4	5	3	3	2	3	3	5	5	5	5	5	4	4	4	3.3333	3.6667	5	3	3.6667	3.3333	4.2	4.5	4.25	3	4.35	3.625	2.6667	3.5	2	3.3333	20	23	20	25	24	7	19	15	5	158
1547	no	47	0	kozepiskola	3	60	6	5	6	6	2	2	2	2	1	6	6	7	7	7	7	7	7	5	5.3333	5.6	5.6667	3.6667	6	5	5.25	5.75	6	5.125	5.875	3.3333	3.75	4	3	26	30	25	25	18	8	25	6	7	184
1550	ferfi	48	2	foiskola	4	30	4	5	4	4	1	1	1	1	1	7	7	7	7	7	7	7	7	6	6	6	6	6	5.6667	5.6	5.75	6	6	5.675	6	3.8333	4	4	4	27	28	29	28	26	10	21	1	0	208
1551	no	49	1	kozepiskola	3	70	5	6	5	5	1	4	4	3	1	7	7	7	7	7	7	7	7	6	6	5.6	4.6667	4.3333	5.6667	5.6	5.75	6	6	5.675	6	3.8333	3.75	3.3333	4	27	28	29	28	25	10	24	5	0	206
1554	ferfi	47	0	foiskola	4	90	4	4	5	4	2	2	2	2	1	6	6	5	5	6	6	6	6	5	3.6667	5.2	2	4.3333	4	4	4.5	4	5.25	4.25	4.625	3.1667	3.25	1.6667	2.6667	23	23	26	24	26	8	24	12	8	174
1556	ferfi	63	2	foiskola	4	40	5	4	5	4	3	2	2	2	2	6	3	6	4	6	5	4	3	5	4	3.4	4	3.6667	3.6667	4.4	4	2.25	2	4.2	2.125	2.3333	2.5	3.6667	4	24	18	20	25	25	8	27	8	7	172
1561	ferfi	39	0	kozepiskola	3	70	3	3	3	4	3	2	2	2	4	4	4	4	5	4	6	5	5	5.6667	5.3333	5.2	1.6667	4.3333	4.6667	2.8	3.25	3.5	3.5	3.025	3.5	3.6667	3.75	1.3333	1.3333	20	24	19	18	25	6	19	8	5	158
1563	ferfi	63	2	kozepiskola	1	10	2	2	2	1	4	1	1	1	1	2	2	2	2	2	2	2	2	2	2	2	5	3	3	1.6	2	2	2	1.8	2	2	2	3	3	0	10	12	0	0	0	0	30	10	22
1564	ferfi	50	2	foiskola	4	70	5	5	5	4	1	1	1	1	1	6	6	6	6	6	6	6	6	5	5	5	4.3333	5	5.3333	5	5	5	5	5	5	3.8333	4	4	4	24	24	25	24	24	8	26	3	0	192
1565	ferfi	36	0	foiskola	3	70	5	5	5	5	1	1	1	1	1	7	5	7	5	6	7	7	6	5.6667	5	4.8	4	3.6667	5.3333	5.4	5.5	3.75	4.75	5.45	4.25	3.3333	3.75	2.6667	3	26	22	22	25	21	9	27	4	2	186
1568	ferfi	39	0	foiskola	3	80	4	4	4	4	1	1	1	1	1	7	6	7	7	6	7	7	7	5.6667	6	5.2	5.3333	4.6667	5.6667	5	5.5	5	5.25	5.25	5.125	3.8333	3.25	3.6667	3.6667	27	26	28	28	27	9	27	2	1	209
1571	ferfi	63	2	egyetem	3	30	6	2	5	5	3	3	1	1	1	5	4	4	4	5	5	5	4	2	4.3333	4	6	3.6667	4.3333	2.6	3.25	2.5	2.25	2.925	2.375	2.5	2.75	4	4	12	23	14	17	19	3	27	16	7	132
1574	ferfi	72	3	egyetem	4	80	4	5	4	4	2	1	1	1	1	6	6	6	6	6	6	6	6	5	4.6667	4.8	5.3333	5	5	4	3.5	4	4	3.75	4	2.8333	3.5	3.6667	3.6667	26	26	26	24	23	9	22	5	0	191
1576	ferfi	36	2	egyetem	3	20	3	3	3	3	3	3	3	3	3	3	3	3	3	3	3	3	3	3	3	3	4	3.3333	3.3333	3	3	3	3	3	3	4	4	1	1	11	13	12	12	19	5	15	16	3	108
1577	ferfi	57	2	kozepiskola	3	80	4	4	2	4	3	3	3	3	3	6	6	6	6	5	6	4	6	4.6667	4	4	2.3333	4	3.6667	4	2.5	3.75	4	3.25	3.875	2.8333	3.75	2	2.6667	22	23	25	22	25	8	12	9	2	166
1581	ferfi	68	2	kozepiskola	3	60	4	4	6	6	4	6	4	4	1	7	7	7	5	7	7	7	7	4.6667	3.3333	3.6	2.6667	3.6667	4.3333	4.2	4.5	1.5	2	4.35	1.75	3.1667	3.25	1	2.3333	22	16	28	21	26	9	29	15	0	176
1582	ferfi	41	0	kozepiskola	3	80	6	5	5	6	1	1	1	1	2	6	6	6	5	6	6	6	6	4.6667	5	5	6	5.3333	5.3333	4.2	4.5	4.75	5	4.35	4.875	3.6667	3.75	4	4	27	27	24	26	27	9	28	5	2	201
1583	ferfi	22	0	kozepiskola	3	60	4	4	3	4	3	2	3	2	2	5	7	5	5	6	5	6	6	4.6667	3.6667	5.6	2.6667	4	5	3.2	3.75	3.75	3.5	3.475	3.625	2.6667	3.5	1.6667	2.6667	22	25	26	23	17	7	25	16	3	166
1585	ferfi	49	1	kozepiskola	3	80	5	6	5	6	1	2	1	1	1	7	7	6	6	7	7	7	6	5.6667	6	5.8	5.6667	4.6667	5.3333	5	5.25	5	4.75	5.125	4.875	3.8333	3.5	4	3.6667	28	16	25	23	26	8	27	2	0	191
1586	ferfi	31	0	egyetem	3	80	6	6	6	6	1	1	1	1	1	7	7	7	7	7	7	7	6	5.6667	4	5.6	4.6667	5.3333	5.3333	5.6	6	5.75	5.5	5.8	5.625	3.8333	3.75	4	4	28	23	29	26	28	10	30	4	1	209
1588	ferfi	60	0	kozepiskola	2	80	3	3	3	3	3	2	2	2	2	4	5	5	5	5	4	5	4	4	2.6667	3.2	3	3.3333	3	3	3	3	3	3	3	1.8333	1.75	3	3	20	20	20	21	19	7	21	6	3	159
1594	ferfi	43	1	kozepiskola	3	80	3	4	2	4	2	1	1	1	2	7	7	7	6	7	7	7	7	5	4.3333	5.2	3.6667	4.3333	5.3333	4	4.75	4	5	4.375	4.5	3.8333	3	3.6667	3.3333	27	27	18	27	28	10	22	8	0	191
1598	ferfi	72	2	kozepiskola	3	40	4	4	NA	3	3	2	4	3	4	6	6	5	6	6	6	6	6	4.3333	4.3333	4.6	4.3333	4.3333	5	4	4	4	4.5	4	4.25	3.1667	3	3	3	20	19	21	20	17	7	20	7	1	156
1603	ferfi	58	2	kozepiskola	3	20	5	6	5	6	2	1	1	1	1	6	6	6	6	6	6	6	6	5	5	4.8	2.3333	4	4.3333	5	4.75	4.75	4.75	4.875	4.75	2.6667	2.75	2.6667	3.6667	25	27	25	27	25	9	22	16	0	184
1607	no	68	1	egyetem	3	80	2	3	3	3	5	4	3	4	3	4	5	4	4	5	4	4	4	3	4.6667	4	4	4	4.6667	2.4	3.25	3.75	4.25	2.825	4	2.5	3	2.3333	2.6667	21	20	24	18	23	7	17	11	8	151
1611	ferfi	70	2	kozepiskola	3	50	5	6	6	4	1	1	1	1	1	6	6	7	5	7	7	7	6	5.3333	4.6667	5.8	6	5	6	5.2	5	5.25	5.5	5.1	5.375	3.6667	4	4	4	28	30	29	29	22	9	29	4	0	212
1612	ferfi	52	0	kozepiskola	3	30	2	2	3	2	4	4	5	5	6	2	2	2	2	2	2	2	2	1.6667	1	1.4	1.3333	3	3.3333	2.2	2.25	2.25	2.25	2.225	2.25	1.1667	1.5	1	1.6667	6	10	6	8	14	2	8	13	2	79
1620	ferfi	34	3	kozepiskola	3	50	4	3	3	5	4	4	6	6	2	4	3	4	3	5	5	5	5	3.6667	5	3.6	2.6667	3	4.6667	2.8	4.25	3.5	3.5	3.525	3.5	2.8333	2.75	1.3333	2.3333	14	22	7	8	18	5	21	12	1	122
1622	ferfi	55	2	foiskola	3	80	4	6	5	5	3	2	1	1	2	7	7	7	5	7	7	7	6	5	5.3333	4.8	5.3333	5	6	4.8	5.75	6	5.25	5.275	5.625	3.5	2.5	4	4	27	28	28	26	27	9	24	5	2	202
1626	ferfi	50	2	egyetem	3	60	3	5	3	3	3	2	2	2	3	4	4	5	5	5	5	4	5	4.3333	3	4.8	4.6667	4.6667	5	3.4	3.25	3.75	4.5	3.325	4.125	2.3333	3.5	4	2.3333	20	22	17	18	17	6	15	8	6	141
1627	ferfi	62	2	foiskola	3	90	4	4	4	NA	1	1	1	2	2	6	6	7	7	7	6	7	6	5.3333	4	4.8	4.3333	4	5.3333	4.4	4.25	3.5	5	4.325	4.25	3.6667	3.5	3	3	26	25	25	25	26	9	25	5	9	187
1628	ferfi	74	2	egyetem	4	40	4	5	5	5	2	2	1	2	1	5	4	5	5	5	3	6	6	4.6667	4.3333	4.4	5	4.3333	4.3333	4.4	4.25	3.75	3.5	4.325	3.625	2.3333	2.75	4	3.3333	27	18	21	20	25	6	27	4	1	179
1629	ferfi	45	2	egyetem	4	60	5	5	5	5	2	2	2	2	2	5	5	5	5	4	6	6	6	5	4.6667	4	3	3.3333	3.3333	3	3	3	3.75	3	3.375	2.8333	2.5	3.3333	3	23	22	19	18	23	8	24	7	1	169
1631	ferfi	58	1	kozepiskola	3	40	4	2	4	3	4	3	6	5	5	6	5	6	5	5	4	4	6	3.3333	4.6667	4.6	2.6667	3.6667	5.6667	3	3.5	3.25	3.5	3.25	3.375	2.5	2.5	2	2.3333	18	25	24	25	23	6	20	21	8	152
1633	ferfi	66	2	egyetem	3	90	4	6	5	4	1	1	1	1	1	5	6	7	4	7	7	7	7	5.6667	4.6667	5.6	5.3333	4.6667	6	5.8	5.25	4	3.5	5.525	3.75	3.5	3.75	4	4	30	28	27	29	27	10	28	4	1	214
1635	ferfi	71	2	egyetem	3	60	3	3	3	2	4	4	2	3	6	4	3	4	5	4	4	3	5	2.6667	2.3333	2.8	4.3333	2.6667	3.3333	2.4	2.75	2.75	2.5	2.575	2.625	1.3333	2.25	3	2.6667	16	13	15	21	24	5	14	23	7	118
1638	ferfi	69	1	egyetem	4	70	6	5	6	6	3	5	5	5	5	7	7	7	7	6	7	6	7	5	5	5.6	5	3.6667	5.6667	4.8	5	5	5.25	4.9	5.125	3.8333	4	3.3333	4	21	23	24	23	21	8	27	8	2	177
1646	ferfi	49	0	kozepiskola	2	50	3	2	2	2	5	4	4	4	3	5	4	5	6	6	5	5	6	3.3333	5	4.6	5	4	3	2.6	2.25	3.5	4.75	2.425	4.125	2.6667	3	3.3333	3	15	19	14	17	14	5	10	12	6	116
1654	ferfi	39	1	kozepiskola	3	10	2	1	3	2	7	5	6	6	3	1	1	1	1	5	2	1	1	1	1.6667	2.6	1.6667	1	2.6667	1	1.25	1	1.75	1.125	1.375	1.6667	2	1	2	4	10	4	6	16	0	5	30	10	45
1655	no	55	3	egyetem	3	70	4	5	4	3	2	1	1	1	1	6	4	6	6	6	6	6	6	5	5	5.4	4.3333	5	5.3333	4.6	4.25	4.75	6	4.425	5.375	3.6667	3.75	2.3333	4	25	23	13	25	21	6	19	5	6	161
1657	no	61	2	kozepiskola	1	80	4	4	4	4	2	2	1	1	1	4	4	4	4	5	5	5	5	4.3333	4.6667	4.4	4.6667	4.3333	5.3333	3.6	3.75	2.25	3.25	3.675	2.75	2.3333	2.5	4	4	21	24	17	20	20	5	22	12	5	152
1659	ferfi	67	2	egyetem	2	70	4	3	4	3	4	1	1	1	1	3	4	2	3	4	4	2	3	3	2.6667	2.2	2.6667	2	3	2.6	1.75	2	1.25	2.175	1.625	1.1667	1.25	2.6667	2	9	19	8	11	19	3	20	16	5	108
1665	ferfi	47	2	kozepiskola	3	20	4	4	4	4	3	4	4	4	4	6	5	6	6	6	6	7	6	5.3333	5.3333	5.2	4	4.6667	3.3333	3.4	3.75	4	4	3.575	4	3.5	3.25	2.3333	3.3333	17	22	18	20	25	7	25	13	7	154
1668	ferfi	30	0	kozepiskola	4	90	5	6	5	NA	1	1	1	2	1	7	6	6	7	6	7	7	6	6	5	5.8	6	4.6667	5.3333	6	5.75	6	6	5.875	6	3.3333	3.5	4	3.3333	27	26	25	28	26	9	25	5	5	196
1671	no	53	2	kozepiskola	3	50	4	5	4	4	2	3	4	4	3	6	6	6	5	6	6	6	6	5.3333	4.3333	5	3	4	4.3333	4.6	5	3	4.25	4.8	3.625	3	3.25	3	3	26	25	26	25	25	9	24	9	7	184
1682	ferfi	50	2	egyetem	4	70	6	5	6	6	3	2	2	2	3	7	6	6	6	7	6	6	6	4.6667	5	5.2	5	5	5.6667	4	4.5	3.25	3.25	4.25	3.25	3.3333	3.5	3.3333	3.6667	21	23	19	27	27	7	28	7	1	184
1685	ferfi	55	2	kozepiskola	3	30	4	5	4	4	2	3	4	4	4	7	7	7	6	6	6	6	6	5.3333	5	4.4	4.6667	4.6667	5.3333	5.8	5.5	4.25	4.5	5.65	4.375	3.5	3.5	3.3333	3.6667	24	26	28	27	25	10	18	15	1	182
1687	ferfi	72	1	kozepiskola	3	50	4	5	5	5	2	3	3	2	3	6	5	6	4	5	6	6	6	3.6667	5.3333	4.6	4.3333	4.3333	3.3333	4.6	5	3.75	4.25	4.8	4	3.3333	3	2.6667	2.6667	25	21	21	20	19	8	21	5	1	169
1688	ferfi	61	2	kozepiskola	3	60	4	5	4	4	1	3	4	3	2	7	5	7	5	6	6	7	6	5	3.6667	3.8	4	3	5.3333	4.4	5	3.5	4.5	4.7	4	3	2.75	2.3333	3.3333	19	26	23	26	18	8	16	11	2	163
1690	ferfi	47	1	kozepiskola	3	90	4	5	4	6	1	1	1	1	2	7	6	7	7	6	6	7	5	5	5	5.2	5	4.3333	5.3333	5.2	5.5	5	5.75	5.35	5.375	3.8333	3	3.3333	3.6667	26	22	24	28	27	8	27	8	0	194
1691	ferfi	46	2	egyetem	3	80	4	4	5	5	2	2	2	1	1	5	5	6	6	6	6	7	6	5	4	5	4.3333	4.3333	5.3333	4.2	4.75	4.5	5	4.475	4.75	3	3.25	2.6667	4	21	22	22	24	19	8	21	9	0	168
1695	no	59	2	foiskola	3	70	4	4	4	4	2	3	2	2	2	6	5	6	5	5	5	6	5	5	5	4.6	4.6667	5	4.6667	4	4	2.5	2.75	4	2.625	3.8333	3.5	3.6667	4	26	26	25	25	24	8	22	15	0	181
1696	ferfi	46	2	foiskola	4	70	5	5	5	5	1	4	3	3	2	6	6	6	5	6	6	6	6	5	3.3333	4	3.6667	3.6667	5.3333	5.8	5	4.25	4.75	5.4	4.5	2.5	2.75	2.6667	3.6667	26	28	28	27	27	9	28	6	0	207
1710	ferfi	47	2	foiskola	3	80	5	4	5	6	2	2	1	2	1	6	5	7	5	6	7	6	5	5	5.6667	4.4	5	4.3333	5.3333	4.8	4.5	2.75	4.25	4.65	3.5	3.1667	3	3.6667	3	26	25	23	26	26	8	27	8	0	193
1713	ferfi	56	3	egyetem	4	70	6	5	6	6	1	1	1	1	1	7	7	7	7	7	7	7	7	6	6	6	6	5.6667	6	5.2	6	5.25	6	5.6	5.625	3.3333	4	4	4	26	29	29	30	27	10	30	5	0	216
1720	ferfi	68	0	egyetem	4	90	4	6	1	4	2	1	1	1	1	7	6	7	6	7	7	7	7	6	6	5.8	4.3333	4.3333	5.6667	5.8	6	4.25	3.5	5.9	3.875	3.8333	4	3.3333	3.3333	29	26	24	27	26	8	26	4	2	200
1723	no	62	2	kozepiskola	3	50	6	5	6	6	2	5	5	5	5	7	6	6	6	7	7	7	6	6	5.3333	5.8	4	4.6667	5.6667	5.4	5.75	5.5	5.25	5.575	5.375	3.8333	3.75	4	3.6667	26	27	26	24	25	9	27	5	2	197
1724	ferfi	34	2	kozepiskola	2	50	4	4	4	3	3	3	3	3	4	1	3	3	3	3	3	2	2	2.6667	3	2.8	3.6667	3.6667	3.3333	2	1.25	1.5	2	1.625	1.75	1.5	1.5	3.6667	3	16	18	13	16	16	4	25	19	3	126
1726	ferfi	66	2	egyetem	3	70	4	4	4	2	3	2	2	3	1	5	5	6	5	5	5	6	6	4	2	3.8	4.6667	3	5	2.6	3.25	3.75	3.25	2.925	3.5	2.3333	3	3.3333	4	24	27	27	24	20	7	15	11	1	172
1728	no	41	2	foiskola	3	50	2	3	2	3	5	6	5	5	5	6	5	5	5	6	6	4	7	3.6667	4.6667	4.6	3.3333	3	5	3	3.75	4.75	5.25	3.375	5	2.5	3	2.3333	2.3333	16	26	22	22	25	7	9	19	6	142
1732	ferfi	59	1	egyetem	3	80	3	4	4	3	2	2	2	2	3	6	6	6	6	6	6	6	6	5	5	5.2	5	4.3333	5.3333	3.8	4	4	4	3.9	4	3	3	3.6667	2.6667	25	28	27	27	26	8	20	11	1	189
1737	no	50	1	foiskola	3	90	4	5	4	5	2	1	1	1	1	6	4	5	5	7	7	7	6	5	5	4.8	6	5	5.6667	4.6	4.75	2.75	2.5	4.675	2.625	3.5	3.25	4	4	23	21	26	25	26	8	22	5	8	178
1738	ferfi	45	3	egyetem	3	80	3	5	3	3	2	1	1	1	1	7	6	7	6	7	7	7	6	5.3333	5.3333	5.6	5	4.3333	5.6667	5.6	5.75	5.25	4.25	5.675	4.75	3.5	3.75	4	3.6667	27	27	27	30	28	9	17	3	0	202
1739	no	61	1	foiskola	3	50	5	5	5	5	3	3	2	2	1	6	6	6	5	6	6	6	6	5	4.6667	5.6	4.6667	4.3333	5.6667	4.4	4.75	4.75	4.25	4.575	4.5	3.1667	3.75	3.3333	3.3333	20	20	19	21	24	8	24	13	7	156
1740	ferfi	75	2	kozepiskola	3	30	2	3	1	2	4	3	4	3	4	4	3	5	5	4	4	4	5	3.6667	5.3333	4.8	2.6667	3.6667	5.3333	2.6	2.75	1.75	3.75	2.675	2.75	3	3.5	2.6667	3	14	24	15	18	21	3	7	16	7	119
